Sucursal,Producto,AÃ±o,Mes,Unidades_vendidas,Ingreso_total,Costo_total
Sucursal Norte,Coca Cola,2018,1,6230,21243.76,16548.34
Sucursal Norte,Coca Cola,2018,2,14538,47299.53,29886.4
Sucursal Norte,Coca Cola,2018,3,9642,28800.14,18261.6
Sucursal Norte,Coca Cola,2018,4,10796,30748.73,21412.49
Sucursal Norte,Coca Cola,2018,5,14840,30731.4,21198.68
Sucursal Norte,Coca Cola,2018,6,9364,21549.91,13507.93
Sucursal Norte,Coca Cola,2018,7,14262,37499.32,27828.79
Sucursal Norte,Coca Cola,2018,8,10262,28542.2,21221.83
Sucursal Norte,Coca Cola,2018,9,14601,42641.16,30638.78
Sucursal Norte,Coca Cola,2018,10,5926,12636.6,8618.13
Sucursal Norte,Coca Cola,2018,11,7268,23557.11,16505.6
Sucursal Norte,Coca Cola,2018,12,12809,23730.8,16174.52
Sucursal Norte,Coca Cola,2019,1,14783,28233.49,17829.23
Sucursal Norte,Coca Cola,2019,2,10492,28365.41,20304.88
Sucursal Norte,Coca Cola,2019,3,11784,26136.89,19852.13
Sucursal Norte,Coca Cola,2019,4,10359,34041.07,23345.8
Sucursal Norte,Coca Cola,2019,5,5512,10224.75,7078.4
Sucursal Norte,Coca Cola,2019,6,12494,28368.23,20382.12
Sucursal Norte,Coca Cola,2019,7,12464,19913.23,13116.63
Sucursal Norte,Coca Cola,2019,8,12999,31230.66,20003.45
Sucursal Norte,Coca Cola,2019,9,10043,29409.4,20117.12
Sucursal Norte,Coca Cola,2019,10,7051,16445.94,11854.12
Sucursal Norte,Coca Cola,2019,11,9685,22487.27,15223.43
Sucursal Norte,Coca Cola,2019,12,8881,14166.82,9077.27
Sucursal Norte,Coca Cola,2020,1,9428,19605.26,14506.96
Sucursal Norte,Coca Cola,2020,2,9100,24395.35,17007.08
Sucursal Norte,Coca Cola,2020,3,8889,26755.3,20402.16
Sucursal Norte,Coca Cola,2020,4,11888,22501.13,13745.37
Sucursal Norte,Coca Cola,2020,5,14949,25253.84,15900.29
Sucursal Norte,Coca Cola,2020,6,10463,31579.3,25033.2
Sucursal Norte,Coca Cola,2020,7,6456,20442.47,14058.42
Sucursal Norte,Coca Cola,2020,8,12248,21644.14,15580.48
Sucursal Norte,Coca Cola,2020,9,5780,16818.91,13379.2
Sucursal Norte,Coca Cola,2020,10,10651,29722.21,20035.97
Sucursal Norte,Coca Cola,2020,11,11023,37125.84,25771.65
Sucursal Norte,Coca Cola,2020,12,10364,29557.76,21613.71
Sucursal Norte,Coca Cola,2021,1,8947,21003.06,13990.23
Sucursal Norte,Coca Cola,2021,2,10867,22054.6,17361.12
Sucursal Norte,Coca Cola,2021,3,8197,12920.83,9026.8
Sucursal Norte,Coca Cola,2021,4,7638,15148.91,11150.64
Sucursal Norte,Coca Cola,2021,5,8076,12330.27,7683.99
Sucursal Norte,Coca Cola,2021,6,5707,13990.09,8515.6
Sucursal Norte,Coca Cola,2021,7,14545,34183.77,24063.16
Sucursal Norte,Coca Cola,2021,8,5612,15258.22,9839.31
Sucursal Norte,Coca Cola,2021,9,6959,16323.14,11722.38
Sucursal Norte,Coca Cola,2021,10,13573,28007.46,17026.21
Sucursal Norte,Coca Cola,2021,11,12819,21418.78,13181.16
Sucursal Norte,Coca Cola,2021,12,10266,18380.61,14577.39
Sucursal Norte,Coca Cola,2022,1,14561,28463.61,17706.77
Sucursal Norte,Coca Cola,2022,2,12492,19143.74,11856.53
Sucursal Norte,Coca Cola,2022,3,11337,28080.57,17007.89
Sucursal Norte,Coca Cola,2022,4,14594,24150.89,17128.0
Sucursal Norte,Coca Cola,2022,5,12320,32633.21,22773.77
Sucursal Norte,Coca Cola,2022,6,8975,29174.08,18269.16
Sucursal Norte,Coca Cola,2022,7,14333,46454.98,31962.28
Sucursal Norte,Coca Cola,2022,8,10152,27740.67,21640.29
Sucursal Norte,Coca Cola,2022,9,9398,25358.45,15239.04
Sucursal Norte,Coca Cola,2022,10,11358,26492.44,17268.57
Sucursal Norte,Coca Cola,2022,11,11512,22261.35,13908.41
Sucursal Norte,Coca Cola,2022,12,14683,30013.16,19704.74
Sucursal Norte,Coca Cola,2023,1,11074,36360.63,28578.65
Sucursal Norte,Coca Cola,2023,2,14024,23494.14,17398.16
Sucursal Norte,Coca Cola,2023,3,9852,21421.92,15039.77
Sucursal Norte,Coca Cola,2023,4,12848,25218.6,18732.01
Sucursal Norte,Coca Cola,2023,5,14360,48317.0,32989.72
Sucursal Norte,Coca Cola,2023,6,6990,21295.91,17014.14
Sucursal Norte,Coca Cola,2023,7,7250,22407.07,15115.93
Sucursal Norte,Coca Cola,2023,8,9582,32934.42,24659.84
Sucursal Norte,Coca Cola,2023,9,14369,33223.2,22268.0
Sucursal Norte,Coca Cola,2023,10,7981,23731.28,15828.9
Sucursal Norte,Coca Cola,2023,11,12037,29631.0,23086.42
Sucursal Norte,Coca Cola,2023,12,5485,12889.37,9077.67
Sucursal Norte,Coca Cola Light,2018,1,14233,42051.62,32591.41
Sucursal Norte,Coca Cola Light,2018,2,7450,11628.58,8635.45
Sucursal Norte,Coca Cola Light,2018,3,7203,24543.2,18801.61
Sucursal Norte,Coca Cola Light,2018,4,7775,21944.09,14831.63
Sucursal Norte,Coca Cola Light,2018,5,7018,18869.11,12743.86
Sucursal Norte,Coca Cola Light,2018,6,8394,13754.17,9695.76
Sucursal Norte,Coca Cola Light,2018,7,14159,47600.71,33440.31
Sucursal Norte,Coca Cola Light,2018,8,13659,38394.31,27871.68
Sucursal Norte,Coca Cola Light,2018,9,6681,22385.67,14308.35
Sucursal Norte,Coca Cola Light,2018,10,6557,22219.06,15365.48
Sucursal Norte,Coca Cola Light,2018,11,13626,34858.62,21096.43
Sucursal Norte,Coca Cola Light,2018,12,13556,21947.41,16989.29
Sucursal Norte,Coca Cola Light,2019,1,14722,26135.29,19923.24
Sucursal Norte,Coca Cola Light,2019,2,12841,29822.31,19582.97
Sucursal Norte,Coca Cola Light,2019,3,7178,24650.98,19328.12
Sucursal Norte,Coca Cola Light,2019,4,12964,28422.64,20810.55
Sucursal Norte,Coca Cola Light,2019,5,10917,38199.51,28569.93
Sucursal Norte,Coca Cola Light,2019,6,10449,31902.56,21793.24
Sucursal Norte,Coca Cola Light,2019,7,12951,24584.18,16226.73
Sucursal Norte,Coca Cola Light,2019,8,13341,33508.49,20742.24
Sucursal Norte,Coca Cola Light,2019,9,11550,38471.69,25134.06
Sucursal Norte,Coca Cola Light,2019,10,5913,13900.5,10125.55
Sucursal Norte,Coca Cola Light,2019,11,11640,34478.63,27560.04
Sucursal Norte,Coca Cola Light,2019,12,12339,33025.79,20984.91
Sucursal Norte,Coca Cola Light,2020,1,6121,21001.16,13770.81
Sucursal Norte,Coca Cola Light,2020,2,9183,19220.79,13790.91
Sucursal Norte,Coca Cola Light,2020,3,8599,13100.94,9980.16
Sucursal Norte,Coca Cola Light,2020,4,6135,17623.86,12553.56
Sucursal Norte,Coca Cola Light,2020,5,5846,17823.54,13257.95
Sucursal Norte,Coca Cola Light,2020,6,13314,38067.86,24774.86
Sucursal Norte,Coca Cola Light,2020,7,7897,23460.5,16834.95
Sucursal Norte,Coca Cola Light,2020,8,9358,19348.29,12039.32
Sucursal Norte,Coca Cola Light,2020,9,11363,30362.29,23902.55
Sucursal Norte,Coca Cola Light,2020,10,7633,15724.62,12291.19
Sucursal Norte,Coca Cola Light,2020,11,14001,44280.24,29410.54
Sucursal Norte,Coca Cola Light,2020,12,6082,10699.32,8284.3
Sucursal Norte,Coca Cola Light,2021,1,7741,24933.49,17676.62
Sucursal Norte,Coca Cola Light,2021,2,12304,23344.44,18102.4
Sucursal Norte,Coca Cola Light,2021,3,7093,23419.24,16306.05
Sucursal Norte,Coca Cola Light,2021,4,11775,30271.78,22820.09
Sucursal Norte,Coca Cola Light,2021,5,5489,11777.21,7207.13
Sucursal Norte,Coca Cola Light,2021,6,9029,27880.59,20405.73
Sucursal Norte,Coca Cola Light,2021,7,11722,37712.4,22801.19
Sucursal Norte,Coca Cola Light,2021,8,9609,28549.43,21633.43
Sucursal Norte,Coca Cola Light,2021,9,13080,44009.13,27533.38
Sucursal Norte,Coca Cola Light,2021,10,5008,8810.5,5531.03
Sucursal Norte,Coca Cola Light,2021,11,7657,12414.5,9377.8
Sucursal Norte,Coca Cola Light,2021,12,10710,25438.2,15855.75
Sucursal Norte,Coca Cola Light,2022,1,5316,14455.99,10629.06
Sucursal Norte,Coca Cola Light,2022,2,14966,39847.25,28862.79
Sucursal Norte,Coca Cola Light,2022,3,5939,16390.77,12597.01
Sucursal Norte,Coca Cola Light,2022,4,8316,24554.79,18694.02
Sucursal Norte,Coca Cola Light,2022,5,11535,23014.1,17234.61
Sucursal Norte,Coca Cola Light,2022,6,13058,36836.08,23428.94
Sucursal Norte,Coca Cola Light,2022,7,8775,21594.36,13408.79
Sucursal Norte,Coca Cola Light,2022,8,13047,26500.39,19745.08
Sucursal Norte,Coca Cola Light,2022,9,14859,46572.09,29923.41
Sucursal Norte,Coca Cola Light,2022,10,5776,13989.73,9933.51
Sucursal Norte,Coca Cola Light,2022,11,6521,19724.41,13171.74
Sucursal Norte,Coca Cola Light,2022,12,11253,38669.61,28016.42
Sucursal Norte,Coca Cola Light,2023,1,9785,17751.68,12759.85
Sucursal Norte,Coca Cola Light,2023,2,7313,11722.79,8045.03
Sucursal Norte,Coca Cola Light,2023,3,6661,11285.85,7214.25
Sucursal Norte,Coca Cola Light,2023,4,11672,24779.53,19253.21
Sucursal Norte,Coca Cola Light,2023,5,9327,26735.03,18547.83
Sucursal Norte,Coca Cola Light,2023,6,8669,23848.83,18323.28
Sucursal Norte,Coca Cola Light,2023,7,11420,35951.63,23250.03
Sucursal Norte,Coca Cola Light,2023,8,8400,26310.11,18186.31
Sucursal Norte,Coca Cola Light,2023,9,12814,37394.76,26048.59
Sucursal Norte,Coca Cola Light,2023,10,9063,22075.34,15520.99
Sucursal Norte,Coca Cola Light,2023,11,14490,44284.84,29227.05
Sucursal Norte,Coca Cola Light,2023,12,9342,19991.57,12985.03
Sucursal Norte,Coca Cola Zero,2018,1,5602,16054.94,12202.51
Sucursal Norte,Coca Cola Zero,2018,2,11179,38859.73,28990.66
Sucursal Norte,Coca Cola Zero,2018,3,8227,16868.34,11269.36
Sucursal Norte,Coca Cola Zero,2018,4,6263,19896.51,12885.72
Sucursal Norte,Coca Cola Zero,2018,5,14875,48234.27,37658.55
Sucursal Norte,Coca Cola Zero,2018,6,8712,30187.78,19409.42
Sucursal Norte,Coca Cola Zero,2018,7,9168,14066.88,10062.38
Sucursal Norte,Coca Cola Zero,2018,8,6746,16661.6,12351.57
Sucursal Norte,Coca Cola Zero,2018,9,14599,49079.41,38600.48
Sucursal Norte,Coca Cola Zero,2018,10,8487,17054.1,13147.99
Sucursal Norte,Coca Cola Zero,2018,11,10931,20111.26,12121.38
Sucursal Norte,Coca Cola Zero,2018,12,7886,18247.1,12982.93
Sucursal Norte,Coca Cola Zero,2019,1,13838,22459.5,17074.65
Sucursal Norte,Coca Cola Zero,2019,2,6925,18666.98,14154.92
Sucursal Norte,Coca Cola Zero,2019,3,11491,38057.19,23553.8
Sucursal Norte,Coca Cola Zero,2019,4,12318,36145.75,21816.28
Sucursal Norte,Coca Cola Zero,2019,5,7438,17198.12,11664.42
Sucursal Norte,Coca Cola Zero,2019,6,11212,19407.63,15082.42
Sucursal Norte,Coca Cola Zero,2019,7,9140,25665.66,18580.42
Sucursal Norte,Coca Cola Zero,2019,8,9602,26856.62,21296.6
Sucursal Norte,Coca Cola Zero,2019,9,5818,11199.48,8678.32
Sucursal Norte,Coca Cola Zero,2019,10,5134,10218.64,8048.71
Sucursal Norte,Coca Cola Zero,2019,11,5553,16708.2,11385.87
Sucursal Norte,Coca Cola Zero,2019,12,5521,17428.11,13369.8
Sucursal Norte,Coca Cola Zero,2020,1,14320,43002.95,33436.51
Sucursal Norte,Coca Cola Zero,2020,2,8722,18999.11,14411.54
Sucursal Norte,Coca Cola Zero,2020,3,7020,11463.43,8660.46
Sucursal Norte,Coca Cola Zero,2020,4,11196,20101.38,14379.25
Sucursal Norte,Coca Cola Zero,2020,5,9806,20808.87,12672.89
Sucursal Norte,Coca Cola Zero,2020,6,12340,41018.13,27697.89
Sucursal Norte,Coca Cola Zero,2020,7,11100,38679.11,25136.7
Sucursal Norte,Coca Cola Zero,2020,8,7338,18873.01,11422.03
Sucursal Norte,Coca Cola Zero,2020,9,8067,12783.91,9301.9
Sucursal Norte,Coca Cola Zero,2020,10,12202,23908.39,18093.86
Sucursal Norte,Coca Cola Zero,2020,11,10368,19915.7,13755.06
Sucursal Norte,Coca Cola Zero,2020,12,6834,18079.86,13600.18
Sucursal Norte,Coca Cola Zero,2021,1,11894,25900.05,20586.47
Sucursal Norte,Coca Cola Zero,2021,2,8838,15847.86,12003.16
Sucursal Norte,Coca Cola Zero,2021,3,7962,26371.21,19330.55
Sucursal Norte,Coca Cola Zero,2021,4,13085,31532.94,22893.06
Sucursal Norte,Coca Cola Zero,2021,5,9035,13981.69,9398.39
Sucursal Norte,Coca Cola Zero,2021,6,13577,39618.94,27002.79
Sucursal Norte,Coca Cola Zero,2021,7,10654,30181.99,22064.69
Sucursal Norte,Coca Cola Zero,2021,8,8853,20422.48,14667.12
Sucursal Norte,Coca Cola Zero,2021,9,8356,19716.6,15222.5
Sucursal Norte,Coca Cola Zero,2021,10,12028,23304.77,17346.78
Sucursal Norte,Coca Cola Zero,2021,11,11184,22113.88,15629.7
Sucursal Norte,Coca Cola Zero,2021,12,10730,25943.76,19752.28
Sucursal Norte,Coca Cola Zero,2022,1,10716,23111.98,14259.36
Sucursal Norte,Coca Cola Zero,2022,2,6918,22719.34,16060.74
Sucursal Norte,Coca Cola Zero,2022,3,14742,45595.98,31667.61
Sucursal Norte,Coca Cola Zero,2022,4,5147,16131.21,9687.85
Sucursal Norte,Coca Cola Zero,2022,5,12828,34608.81,21189.79
Sucursal Norte,Coca Cola Zero,2022,6,12310,20297.36,12975.23
Sucursal Norte,Coca Cola Zero,2022,7,12010,41177.68,25779.14
Sucursal Norte,Coca Cola Zero,2022,8,9238,23824.72,15702.57
Sucursal Norte,Coca Cola Zero,2022,9,5421,11770.15,9062.48
Sucursal Norte,Coca Cola Zero,2022,10,10177,27636.56,18816.56
Sucursal Norte,Coca Cola Zero,2022,11,13866,45038.22,32768.61
Sucursal Norte,Coca Cola Zero,2022,12,14693,24438.99,15010.31
Sucursal Norte,Coca Cola Zero,2023,1,11484,38973.63,27051.92
Sucursal Norte,Coca Cola Zero,2023,2,8274,17438.63,13945.8
Sucursal Norte,Coca Cola Zero,2023,3,9730,26525.03,18614.22
Sucursal Norte,Coca Cola Zero,2023,4,7852,17919.64,13123.87
Sucursal Norte,Coca Cola Zero,2023,5,8270,17449.02,12935.46
Sucursal Norte,Coca Cola Zero,2023,6,14873,47474.46,28730.38
Sucursal Norte,Coca Cola Zero,2023,7,7508,14963.61,9749.28
Sucursal Norte,Coca Cola Zero,2023,8,9805,29871.01,18860.63
Sucursal Norte,Coca Cola Zero,2023,9,13830,27773.3,21545.12
Sucursal Norte,Coca Cola Zero,2023,10,13664,36881.25,23861.08
Sucursal Norte,Coca Cola Zero,2023,11,8312,16385.76,12461.13
Sucursal Norte,Coca Cola Zero,2023,12,5511,9912.74,7917.12
Sucursal Norte,Sprite,2018,1,8172,23203.69,18408.39
Sucursal Norte,Sprite,2018,2,7459,12842.19,9863.78
Sucursal Norte,Sprite,2018,3,12087,36076.71,25524.74
Sucursal Norte,Sprite,2018,4,14099,25658.31,19930.42
Sucursal Norte,Sprite,2018,5,5066,14127.11,8899.16
Sucursal Norte,Sprite,2018,6,14165,35058.84,27357.61
Sucursal Norte,Sprite,2018,7,14224,23084.7,15104.89
Sucursal Norte,Sprite,2018,8,8256,27375.15,16844.07
Sucursal Norte,Sprite,2018,9,7049,19385.67,14785.58
Sucursal Norte,Sprite,2018,10,11220,17745.18,12528.29
Sucursal Norte,Sprite,2018,11,11553,20226.82,14617.62
Sucursal Norte,Sprite,2018,12,13082,38735.85,25467.2
Sucursal Norte,Sprite,2019,1,6712,20935.17,12960.03
Sucursal Norte,Sprite,2019,2,14836,49493.97,29954.91
Sucursal Norte,Sprite,2019,3,12386,21061.74,12682.16
Sucursal Norte,Sprite,2019,4,14177,34613.01,25906.93
Sucursal Norte,Sprite,2019,5,9558,25533.58,19632.71
Sucursal Norte,Sprite,2019,6,7188,11726.34,8808.31
Sucursal Norte,Sprite,2019,7,10474,30710.98,20803.98
Sucursal Norte,Sprite,2019,8,13821,33329.32,21605.83
Sucursal Norte,Sprite,2019,9,6191,17826.09,11849.08
Sucursal Norte,Sprite,2019,10,10520,26862.28,19460.53
Sucursal Norte,Sprite,2019,11,5985,19571.52,14603.52
Sucursal Norte,Sprite,2019,12,12990,42321.39,33516.5
Sucursal Norte,Sprite,2020,1,10940,31715.72,22468.53
Sucursal Norte,Sprite,2020,2,7602,15352.85,9538.73
Sucursal Norte,Sprite,2020,3,11006,34157.44,25163.97
Sucursal Norte,Sprite,2020,4,13722,34762.71,24696.66
Sucursal Norte,Sprite,2020,5,7097,15016.57,10069.87
Sucursal Norte,Sprite,2020,6,7613,19615.69,14054.49
Sucursal Norte,Sprite,2020,7,9603,17570.26,11923.8
Sucursal Norte,Sprite,2020,8,6640,22609.9,16538.48
Sucursal Norte,Sprite,2020,9,11708,40097.33,25271.07
Sucursal Norte,Sprite,2020,10,12663,42256.82,30552.75
Sucursal Norte,Sprite,2020,11,12339,29304.2,18422.43
Sucursal Norte,Sprite,2020,12,12512,27788.09,17525.25
Sucursal Norte,Sprite,2021,1,10639,16339.89,10033.13
Sucursal Norte,Sprite,2021,2,7452,25602.54,19402.34
Sucursal Norte,Sprite,2021,3,6173,18245.65,12538.64
Sucursal Norte,Sprite,2021,4,14794,23649.04,16072.05
Sucursal Norte,Sprite,2021,5,14224,23715.53,14995.11
Sucursal Norte,Sprite,2021,6,14446,30926.58,22527.35
Sucursal Norte,Sprite,2021,7,8926,19501.54,12964.93
Sucursal Norte,Sprite,2021,8,12989,33916.86,24361.69
Sucursal Norte,Sprite,2021,9,7362,11242.77,8277.85
Sucursal Norte,Sprite,2021,10,14031,36733.94,23863.09
Sucursal Norte,Sprite,2021,11,10412,24795.79,19248.26
Sucursal Norte,Sprite,2021,12,7616,19538.98,13653.89
Sucursal Norte,Sprite,2022,1,14074,28649.79,22339.97
Sucursal Norte,Sprite,2022,2,9572,25284.97,18997.87
Sucursal Norte,Sprite,2022,3,9260,26268.91,17698.91
Sucursal Norte,Sprite,2022,4,8363,22560.96,15074.54
Sucursal Norte,Sprite,2022,5,13954,27038.66,16775.94
Sucursal Norte,Sprite,2022,6,8195,12406.99,7499.16
Sucursal Norte,Sprite,2022,7,14528,32179.51,25213.43
Sucursal Norte,Sprite,2022,8,12809,29050.51,22673.77
Sucursal Norte,Sprite,2022,9,5081,14084.96,10916.59
Sucursal Norte,Sprite,2022,10,6496,14908.95,10866.51
Sucursal Norte,Sprite,2022,11,9355,30789.04,18665.19
Sucursal Norte,Sprite,2022,12,9628,26300.91,17036.49
Sucursal Norte,Sprite,2023,1,8927,30423.57,24171.58
Sucursal Norte,Sprite,2023,2,10624,20571.85,13879.48
Sucursal Norte,Sprite,2023,3,5638,18341.52,12552.21
Sucursal Norte,Sprite,2023,4,9884,23620.72,14605.43
Sucursal Norte,Sprite,2023,5,5995,16682.62,10276.59
Sucursal Norte,Sprite,2023,6,6477,16862.85,11933.51
Sucursal Norte,Sprite,2023,7,6504,14498.16,10292.06
Sucursal Norte,Sprite,2023,8,10646,33611.34,25918.17
Sucursal Norte,Sprite,2023,9,10332,19582.62,14592.25
Sucursal Norte,Sprite,2023,10,14144,34611.91,21041.87
Sucursal Norte,Sprite,2023,11,11793,28592.64,20957.72
Sucursal Norte,Sprite,2023,12,7026,20218.34,14761.4
Sucursal Norte,Fanta,2018,1,12404,43150.14,26699.12
Sucursal Norte,Fanta,2018,2,5875,17085.45,11980.16
Sucursal Norte,Fanta,2018,3,7498,19029.51,12203.57
Sucursal Norte,Fanta,2018,4,10958,35345.09,28262.14
Sucursal Norte,Fanta,2018,5,11021,30609.47,23418.21
Sucursal Norte,Fanta,2018,6,5984,17581.04,13663.84
Sucursal Norte,Fanta,2018,7,6973,15366.09,11983.17
Sucursal Norte,Fanta,2018,8,9840,28159.34,19128.89
Sucursal Norte,Fanta,2018,9,9906,29329.74,21566.88
Sucursal Norte,Fanta,2018,10,10196,26684.87,20493.01
Sucursal Norte,Fanta,2018,11,12015,35558.41,27057.96
Sucursal Norte,Fanta,2018,12,12351,22920.74,15404.78
Sucursal Norte,Fanta,2019,1,10657,27963.55,18274.14
Sucursal Norte,Fanta,2019,2,14436,25984.67,19381.49
Sucursal Norte,Fanta,2019,3,8011,25508.47,15989.33
Sucursal Norte,Fanta,2019,4,6852,20322.76,16022.04
Sucursal Norte,Fanta,2019,5,14168,39707.42,25856.5
Sucursal Norte,Fanta,2019,6,12523,33035.46,23444.98
Sucursal Norte,Fanta,2019,7,8232,14129.83,10725.41
Sucursal Norte,Fanta,2019,8,9417,32645.11,22118.81
Sucursal Norte,Fanta,2019,9,6042,9439.72,6883.77
Sucursal Norte,Fanta,2019,10,10010,30284.92,20803.62
Sucursal Norte,Fanta,2019,11,7734,12024.13,7500.86
Sucursal Norte,Fanta,2019,12,14115,22153.7,16971.13
Sucursal Norte,Fanta,2020,1,11245,22642.79,14633.69
Sucursal Norte,Fanta,2020,2,5148,11404.28,7864.98
Sucursal Norte,Fanta,2020,3,8876,17907.55,11319.17
Sucursal Norte,Fanta,2020,4,12345,21667.87,14288.66
Sucursal Norte,Fanta,2020,5,6865,16671.26,10833.78
Sucursal Norte,Fanta,2020,6,12670,35458.32,26222.6
Sucursal Norte,Fanta,2020,7,14389,36648.71,23057.41
Sucursal Norte,Fanta,2020,8,9395,28633.53,22513.96
Sucursal Norte,Fanta,2020,9,13581,45906.66,30209.27
Sucursal Norte,Fanta,2020,10,13929,31355.7,24112.87
Sucursal Norte,Fanta,2020,11,10680,20937.45,15281.76
Sucursal Norte,Fanta,2020,12,12774,25549.93,17789.53
Sucursal Norte,Fanta,2021,1,10040,17212.33,10390.9
Sucursal Norte,Fanta,2021,2,5377,18258.83,11881.79
Sucursal Norte,Fanta,2021,3,8950,15488.25,10538.4
Sucursal Norte,Fanta,2021,4,11422,39048.12,30346.54
Sucursal Norte,Fanta,2021,5,5457,10150.89,6537.95
Sucursal Norte,Fanta,2021,6,10152,31730.94,24414.14
Sucursal Norte,Fanta,2021,7,8217,17469.78,11733.87
Sucursal Norte,Fanta,2021,8,14540,28859.29,17363.67
Sucursal Norte,Fanta,2021,9,5536,10681.12,7898.2
Sucursal Norte,Fanta,2021,10,7497,13555.57,9164.28
Sucursal Norte,Fanta,2021,11,8819,22137.05,16648.94
Sucursal Norte,Fanta,2021,12,14356,40581.36,31467.25
Sucursal Norte,Fanta,2022,1,11042,16871.77,10944.71
Sucursal Norte,Fanta,2022,2,14089,35286.13,24319.19
Sucursal Norte,Fanta,2022,3,5870,12320.45,8120.32
Sucursal Norte,Fanta,2022,4,6010,14178.74,9766.68
Sucursal Norte,Fanta,2022,5,7937,18455.49,12641.52
Sucursal Norte,Fanta,2022,6,11786,33585.5,23542.53
Sucursal Norte,Fanta,2022,7,10392,36126.55,24648.01
Sucursal Norte,Fanta,2022,8,10117,19139.45,15231.56
Sucursal Norte,Fanta,2022,9,12723,31901.68,22361.95
Sucursal Norte,Fanta,2022,10,12206,30734.44,20829.35
Sucursal Norte,Fanta,2022,11,10148,29384.22,18862.09
Sucursal Norte,Fanta,2022,12,8919,30725.42,24297.19
Sucursal Norte,Fanta,2023,1,7607,20237.2,12613.82
Sucursal Norte,Fanta,2023,2,9372,30115.54,20795.28
Sucursal Norte,Fanta,2023,3,14454,28798.68,21804.73
Sucursal Norte,Fanta,2023,4,10595,17938.26,13904.61
Sucursal Norte,Fanta,2023,5,5221,11678.49,9145.24
Sucursal Norte,Fanta,2023,6,14606,44727.99,31226.36
Sucursal Norte,Fanta,2023,7,13073,22067.13,13974.86
Sucursal Norte,Fanta,2023,8,10290,30127.38,18523.46
Sucursal Norte,Fanta,2023,9,6446,10768.66,7120.55
Sucursal Norte,Fanta,2023,10,6489,17944.41,14171.39
Sucursal Norte,Fanta,2023,11,12958,33817.36,25763.93
Sucursal Norte,Fanta,2023,12,6361,20286.63,16186.51
Sucursal Norte,Schweppes,2018,1,13824,24001.47,17109.16
Sucursal Norte,Schweppes,2018,2,14777,26374.81,18901.44
Sucursal Norte,Schweppes,2018,3,11042,25622.49,16738.16
Sucursal Norte,Schweppes,2018,4,6140,17718.8,11502.42
Sucursal Norte,Schweppes,2018,5,7367,13439.5,9510.69
Sucursal Norte,Schweppes,2018,6,8530,22705.74,17282.5
Sucursal Norte,Schweppes,2018,7,13440,20959.1,13206.81
Sucursal Norte,Schweppes,2018,8,10056,26869.11,21447.87
Sucursal Norte,Schweppes,2018,9,7789,24138.66,15986.7
Sucursal Norte,Schweppes,2018,10,12335,33544.11,25640.89
Sucursal Norte,Schweppes,2018,11,8856,28219.65,19759.73
Sucursal Norte,Schweppes,2018,12,14507,41967.73,28524.9
Sucursal Norte,Schweppes,2019,1,10148,32612.81,24892.48
Sucursal Norte,Schweppes,2019,2,13439,42584.3,29917.15
Sucursal Norte,Schweppes,2019,3,11444,30800.68,23258.45
Sucursal Norte,Schweppes,2019,4,11388,32548.21,20374.54
Sucursal Norte,Schweppes,2019,5,6191,12024.48,8872.68
Sucursal Norte,Schweppes,2019,6,7231,18707.42,12457.62
Sucursal Norte,Schweppes,2019,7,7399,11196.49,8683.55
Sucursal Norte,Schweppes,2019,8,13316,46518.69,29044.88
Sucursal Norte,Schweppes,2019,9,11512,32566.7,19740.61
Sucursal Norte,Schweppes,2019,10,14081,23701.12,17294.32
Sucursal Norte,Schweppes,2019,11,7825,21260.64,13139.79
Sucursal Norte,Schweppes,2019,12,12360,28558.75,20409.07
Sucursal Norte,Schweppes,2020,1,8940,26135.53,17142.22
Sucursal Norte,Schweppes,2020,2,5749,11050.24,7467.15
Sucursal Norte,Schweppes,2020,3,7848,12256.69,8207.96
Sucursal Norte,Schweppes,2020,4,5444,11387.66,7690.72
Sucursal Norte,Schweppes,2020,5,13612,41499.12,30547.48
Sucursal Norte,Schweppes,2020,6,13469,29113.43,22825.85
Sucursal Norte,Schweppes,2020,7,5383,17086.09,13641.34
Sucursal Norte,Schweppes,2020,8,14515,38555.87,29683.5
Sucursal Norte,Schweppes,2020,9,10520,36374.3,24034.59
Sucursal Norte,Schweppes,2020,10,11344,34374.47,24534.74
Sucursal Norte,Schweppes,2020,11,12636,33170.69,25690.84
Sucursal Norte,Schweppes,2020,12,5325,8839.06,5485.99
Sucursal Norte,Schweppes,2021,1,10173,34101.39,21759.41
Sucursal Norte,Schweppes,2021,2,14424,50340.96,37525.37
Sucursal Norte,Schweppes,2021,3,11693,21043.34,16500.88
Sucursal Norte,Schweppes,2021,4,11841,18128.12,12620.99
Sucursal Norte,Schweppes,2021,5,12977,23276.41,14248.43
Sucursal Norte,Schweppes,2021,6,11244,23103.27,18430.57
Sucursal Norte,Schweppes,2021,7,14703,22886.68,17224.41
Sucursal Norte,Schweppes,2021,8,5477,10445.71,8118.29
Sucursal Norte,Schweppes,2021,9,8652,26802.46,16978.97
Sucursal Norte,Schweppes,2021,10,14488,46992.39,28595.17
Sucursal Norte,Schweppes,2021,11,10168,26431.26,16018.32
Sucursal Norte,Schweppes,2021,12,10514,29660.78,23697.03
Sucursal Norte,Schweppes,2022,1,13670,31715.41,24232.54
Sucursal Norte,Schweppes,2022,2,11758,22150.0,14276.62
Sucursal Norte,Schweppes,2022,3,5926,14726.61,9786.54
Sucursal Norte,Schweppes,2022,4,13073,28303.03,18510.38
Sucursal Norte,Schweppes,2022,5,11797,24962.01,18082.12
Sucursal Norte,Schweppes,2022,6,6707,20733.96,15797.01
Sucursal Norte,Schweppes,2022,7,7892,24196.15,15135.72
Sucursal Norte,Schweppes,2022,8,6442,13586.76,9085.97
Sucursal Norte,Schweppes,2022,9,5240,13605.56,10824.55
Sucursal Norte,Schweppes,2022,10,14120,37577.72,24075.59
Sucursal Norte,Schweppes,2022,11,7030,22051.73,14815.94
Sucursal Norte,Schweppes,2022,12,13408,30246.86,23872.3
Sucursal Norte,Schweppes,2023,1,13683,42583.05,26072.48
Sucursal Norte,Schweppes,2023,2,6852,11179.24,8346.08
Sucursal Norte,Schweppes,2023,3,11252,18364.69,13239.74
Sucursal Norte,Schweppes,2023,4,10302,30912.47,20034.37
Sucursal Norte,Schweppes,2023,5,14787,24451.98,15019.77
Sucursal Norte,Schweppes,2023,6,6353,20378.86,12974.38
Sucursal Norte,Schweppes,2023,7,11972,25948.37,18663.8
Sucursal Norte,Schweppes,2023,8,13287,26432.54,20565.27
Sucursal Norte,Schweppes,2023,9,13848,26571.9,19080.57
Sucursal Norte,Schweppes,2023,10,7764,25826.04,16998.45
Sucursal Norte,Schweppes,2023,11,10585,16306.19,12816.44
Sucursal Norte,Schweppes,2023,12,13304,25917.79,18950.43
Sucursal Sur,Coca Cola,2018,1,14505,26659.13,16157.18
Sucursal Sur,Coca Cola,2018,2,5480,9586.46,6892.82
Sucursal Sur,Coca Cola,2018,3,8308,23866.08,17730.05
Sucursal Sur,Coca Cola,2018,4,6067,11642.32,9125.23
Sucursal Sur,Coca Cola,2018,5,7963,12317.48,8811.86
Sucursal Sur,Coca Cola,2018,6,12875,31306.03,22888.02
Sucursal Sur,Coca Cola,2018,7,5585,9219.12,5884.19
Sucursal Sur,Coca Cola,2018,8,11042,36396.91,26243.42
Sucursal Sur,Coca Cola,2018,9,7523,21682.41,15593.59
Sucursal Sur,Coca Cola,2018,10,7363,12709.68,8704.94
Sucursal Sur,Coca Cola,2018,11,6006,12263.19,9221.38
Sucursal Sur,Coca Cola,2018,12,6888,14814.02,11468.24
Sucursal Sur,Coca Cola,2019,1,8283,19218.03,13937.91
Sucursal Sur,Coca Cola,2019,2,8195,22152.05,15527.05
Sucursal Sur,Coca Cola,2019,3,5514,10870.9,8272.56
Sucursal Sur,Coca Cola,2019,4,14543,41754.36,28945.15
Sucursal Sur,Coca Cola,2019,5,10512,19590.73,13546.79
Sucursal Sur,Coca Cola,2019,6,6411,21393.37,16986.85
Sucursal Sur,Coca Cola,2019,7,5778,20113.57,15426.9
Sucursal Sur,Coca Cola,2019,8,14418,23244.2,16421.6
Sucursal Sur,Coca Cola,2019,9,11316,30512.11,21946.79
Sucursal Sur,Coca Cola,2019,10,8155,22116.44,14821.79
Sucursal Sur,Coca Cola,2019,11,11073,31391.27,23008.68
Sucursal Sur,Coca Cola,2019,12,10410,28725.81,17523.27
Sucursal Sur,Coca Cola,2020,1,12984,19801.38,12421.62
Sucursal Sur,Coca Cola,2020,2,6313,14820.25,11000.24
Sucursal Sur,Coca Cola,2020,3,7800,19824.39,15636.92
Sucursal Sur,Coca Cola,2020,4,5858,11609.73,7082.77
Sucursal Sur,Coca Cola,2020,5,6675,10036.71,6873.54
Sucursal Sur,Coca Cola,2020,6,9095,31313.68,19533.23
Sucursal Sur,Coca Cola,2020,7,12060,28395.76,18666.9
Sucursal Sur,Coca Cola,2020,8,13344,37092.99,24738.65
Sucursal Sur,Coca Cola,2020,9,9096,29414.15,19706.8
Sucursal Sur,Coca Cola,2020,10,8390,14952.8,9764.71
Sucursal Sur,Coca Cola,2020,11,14771,48094.83,32798.45
Sucursal Sur,Coca Cola,2020,12,11899,37425.38,26732.13
Sucursal Sur,Coca Cola,2021,1,14827,50497.88,34838.66
Sucursal Sur,Coca Cola,2021,2,5307,9055.07,5740.21
Sucursal Sur,Coca Cola,2021,3,10486,25607.49,19942.38
Sucursal Sur,Coca Cola,2021,4,5313,11522.98,9078.6
Sucursal Sur,Coca Cola,2021,5,13069,35128.68,23368.44
Sucursal Sur,Coca Cola,2021,6,7885,13626.35,10501.85
Sucursal Sur,Coca Cola,2021,7,7216,14491.9,10234.31
Sucursal Sur,Coca Cola,2021,8,5669,15043.32,11078.89
Sucursal Sur,Coca Cola,2021,9,14110,27562.48,21082.21
Sucursal Sur,Coca Cola,2021,10,10840,20608.83,15566.64
Sucursal Sur,Coca Cola,2021,11,9505,18030.07,14197.59
Sucursal Sur,Coca Cola,2021,12,13110,44019.46,33789.9
Sucursal Sur,Coca Cola,2022,1,9718,26294.09,18647.56
Sucursal Sur,Coca Cola,2022,2,11957,40449.34,24880.15
Sucursal Sur,Coca Cola,2022,3,8129,12701.83,9966.25
Sucursal Sur,Coca Cola,2022,4,14522,42332.26,28264.91
Sucursal Sur,Coca Cola,2022,5,7932,26360.64,19877.87
Sucursal Sur,Coca Cola,2022,6,13532,31545.55,24381.37
Sucursal Sur,Coca Cola,2022,7,13116,20229.61,13308.12
Sucursal Sur,Coca Cola,2022,8,10398,31428.31,21083.69
Sucursal Sur,Coca Cola,2022,9,6423,14937.8,10353.08
Sucursal Sur,Coca Cola,2022,10,12765,19697.42,11827.07
Sucursal Sur,Coca Cola,2022,11,7779,25106.1,19037.06
Sucursal Sur,Coca Cola,2022,12,6806,15467.53,9561.58
Sucursal Sur,Coca Cola,2023,1,8572,17944.2,13491.29
Sucursal Sur,Coca Cola,2023,2,11414,22414.91,17918.54
Sucursal Sur,Coca Cola,2023,3,11094,20644.98,16001.26
Sucursal Sur,Coca Cola,2023,4,5668,12336.64,7858.84
Sucursal Sur,Coca Cola,2023,5,8161,14969.75,11161.91
Sucursal Sur,Coca Cola,2023,6,9654,27798.13,16906.04
Sucursal Sur,Coca Cola,2023,7,14913,32936.29,20538.64
Sucursal Sur,Coca Cola,2023,8,11436,20478.22,12904.64
Sucursal Sur,Coca Cola,2023,9,11251,30918.72,23419.9
Sucursal Sur,Coca Cola,2023,10,7168,12200.04,7813.97
Sucursal Sur,Coca Cola,2023,11,9560,19115.77,13652.08
Sucursal Sur,Coca Cola,2023,12,14445,42165.76,31095.97
Sucursal Sur,Coca Cola Light,2018,1,7474,25192.76,16412.75
Sucursal Sur,Coca Cola Light,2018,2,13084,35377.12,22974.53
Sucursal Sur,Coca Cola Light,2018,3,12195,28407.81,21182.62
Sucursal Sur,Coca Cola Light,2018,4,12977,33422.54,25962.38
Sucursal Sur,Coca Cola Light,2018,5,6469,19826.98,12671.93
Sucursal Sur,Coca Cola Light,2018,6,7071,17379.92,10895.47
Sucursal Sur,Coca Cola Light,2018,7,5310,11045.31,8076.6
Sucursal Sur,Coca Cola Light,2018,8,7725,12937.12,8254.7
Sucursal Sur,Coca Cola Light,2018,9,6930,19478.72,13237.54
Sucursal Sur,Coca Cola Light,2018,10,7272,16639.48,11712.07
Sucursal Sur,Coca Cola Light,2018,11,5338,8040.04,5709.42
Sucursal Sur,Coca Cola Light,2018,12,6779,12510.94,9051.92
Sucursal Sur,Coca Cola Light,2019,1,9186,19221.77,11955.1
Sucursal Sur,Coca Cola Light,2019,2,8820,13711.94,10618.74
Sucursal Sur,Coca Cola Light,2019,3,12087,20586.56,16356.24
Sucursal Sur,Coca Cola Light,2019,4,5323,15241.21,12131.68
Sucursal Sur,Coca Cola Light,2019,5,7176,11194.18,8574.01
Sucursal Sur,Coca Cola Light,2019,6,5153,15534.96,11909.78
Sucursal Sur,Coca Cola Light,2019,7,14831,34833.76,27076.64
Sucursal Sur,Coca Cola Light,2019,8,13303,37146.92,26494.64
Sucursal Sur,Coca Cola Light,2019,9,6744,10785.45,8309.6
Sucursal Sur,Coca Cola Light,2019,10,7069,22241.39,15268.61
Sucursal Sur,Coca Cola Light,2019,11,14805,47031.11,34600.33
Sucursal Sur,Coca Cola Light,2019,12,12416,37191.02,23338.92
Sucursal Sur,Coca Cola Light,2020,1,9154,19190.44,12699.01
Sucursal Sur,Coca Cola Light,2020,2,14379,30388.05,18842.1
Sucursal Sur,Coca Cola Light,2020,3,6350,11768.26,8927.26
Sucursal Sur,Coca Cola Light,2020,4,10723,18770.33,11987.06
Sucursal Sur,Coca Cola Light,2020,5,13344,38589.63,27991.13
Sucursal Sur,Coca Cola Light,2020,6,12750,27134.62,21254.95
Sucursal Sur,Coca Cola Light,2020,7,11258,17643.84,11900.49
Sucursal Sur,Coca Cola Light,2020,8,7770,26348.16,18493.83
Sucursal Sur,Coca Cola Light,2020,9,10986,22527.88,15846.2
Sucursal Sur,Coca Cola Light,2020,10,14506,35706.42,25593.07
Sucursal Sur,Coca Cola Light,2020,11,11099,17692.11,12119.69
Sucursal Sur,Coca Cola Light,2020,12,13518,24881.52,17706.5
Sucursal Sur,Coca Cola Light,2021,1,9449,28541.41,19396.29
Sucursal Sur,Coca Cola Light,2021,2,14624,50968.32,31854.71
Sucursal Sur,Coca Cola Light,2021,3,11968,28745.13,21345.02
Sucursal Sur,Coca Cola Light,2021,4,6308,13710.1,10495.94
Sucursal Sur,Coca Cola Light,2021,5,12221,19731.91,13372.51
Sucursal Sur,Coca Cola Light,2021,6,12923,34296.42,23653.07
Sucursal Sur,Coca Cola Light,2021,7,6967,22914.53,17686.72
Sucursal Sur,Coca Cola Light,2021,8,7650,26215.14,18639.58
Sucursal Sur,Coca Cola Light,2021,9,10901,34042.43,25868.75
Sucursal Sur,Coca Cola Light,2021,10,8670,14089.89,10411.8
Sucursal Sur,Coca Cola Light,2021,11,13438,30778.79,22441.25
Sucursal Sur,Coca Cola Light,2021,12,5095,10779.44,6991.02
Sucursal Sur,Coca Cola Light,2022,1,8693,26028.01,16077.82
Sucursal Sur,Coca Cola Light,2022,2,7545,21935.47,16283.65
Sucursal Sur,Coca Cola Light,2022,3,13381,25140.35,16773.15
Sucursal Sur,Coca Cola Light,2022,4,8524,21125.75,13099.45
Sucursal Sur,Coca Cola Light,2022,5,8900,16515.24,12709.07
Sucursal Sur,Coca Cola Light,2022,6,6002,10358.25,7217.96
Sucursal Sur,Coca Cola Light,2022,7,7487,14730.23,9686.86
Sucursal Sur,Coca Cola Light,2022,8,13529,39741.72,27821.66
Sucursal Sur,Coca Cola Light,2022,9,11356,31555.06,21389.99
Sucursal Sur,Coca Cola Light,2022,10,13597,23595.05,18305.25
Sucursal Sur,Coca Cola Light,2022,11,12140,27086.81,17278.01
Sucursal Sur,Coca Cola Light,2022,12,5220,9927.99,7917.0
Sucursal Sur,Coca Cola Light,2023,1,6037,20610.36,13021.63
Sucursal Sur,Coca Cola Light,2023,2,8461,26543.71,18426.44
Sucursal Sur,Coca Cola Light,2023,3,7207,19519.03,14384.35
Sucursal Sur,Coca Cola Light,2023,4,6464,15330.8,9981.02
Sucursal Sur,Coca Cola Light,2023,5,14572,26081.71,16369.97
Sucursal Sur,Coca Cola Light,2023,6,13735,44820.87,29421.85
Sucursal Sur,Coca Cola Light,2023,7,6195,16493.57,12708.09
Sucursal Sur,Coca Cola Light,2023,8,6650,15247.07,11823.79
Sucursal Sur,Coca Cola Light,2023,9,5676,18379.98,11655.89
Sucursal Sur,Coca Cola Light,2023,10,8777,28697.76,22384.73
Sucursal Sur,Coca Cola Light,2023,11,13505,21153.65,14435.28
Sucursal Sur,Coca Cola Light,2023,12,5012,12996.79,8243.25
Sucursal Sur,Coca Cola Zero,2018,1,12524,26252.64,19947.44
Sucursal Sur,Coca Cola Zero,2018,2,9495,30027.11,22400.26
Sucursal Sur,Coca Cola Zero,2018,3,8752,16581.63,11533.32
Sucursal Sur,Coca Cola Zero,2018,4,7461,21073.22,12892.12
Sucursal Sur,Coca Cola Zero,2018,5,7335,12547.33,7992.19
Sucursal Sur,Coca Cola Zero,2018,6,8331,19347.18,11879.05
Sucursal Sur,Coca Cola Zero,2018,7,12925,38631.48,23624.76
Sucursal Sur,Coca Cola Zero,2018,8,6748,17633.51,13502.18
Sucursal Sur,Coca Cola Zero,2018,9,12104,41572.87,28400.97
Sucursal Sur,Coca Cola Zero,2018,10,11562,31043.06,20038.05
Sucursal Sur,Coca Cola Zero,2018,11,6359,12694.48,8981.11
Sucursal Sur,Coca Cola Zero,2018,12,6329,12371.54,9182.17
Sucursal Sur,Coca Cola Zero,2019,1,10734,28043.67,18464.05
Sucursal Sur,Coca Cola Zero,2019,2,10494,28855.5,17640.99
Sucursal Sur,Coca Cola Zero,2019,3,10148,35470.49,24385.54
Sucursal Sur,Coca Cola Zero,2019,4,7024,20442.47,15588.88
Sucursal Sur,Coca Cola Zero,2019,5,9761,21150.65,15872.07
Sucursal Sur,Coca Cola Zero,2019,6,10325,32424.76,23947.43
Sucursal Sur,Coca Cola Zero,2019,7,10459,28746.99,18194.94
Sucursal Sur,Coca Cola Zero,2019,8,6708,20285.7,13830.2
Sucursal Sur,Coca Cola Zero,2019,9,5134,13980.06,10074.96
Sucursal Sur,Coca Cola Zero,2019,10,10979,21679.07,17083.27
Sucursal Sur,Coca Cola Zero,2019,11,10981,21535.38,14993.78
Sucursal Sur,Coca Cola Zero,2019,12,12523,23937.75,17876.28
Sucursal Sur,Coca Cola Zero,2020,1,8812,13557.13,9412.16
Sucursal Sur,Coca Cola Zero,2020,2,14231,23118.43,15106.95
Sucursal Sur,Coca Cola Zero,2020,3,12259,40241.07,32083.82
Sucursal Sur,Coca Cola Zero,2020,4,8322,22627.58,14008.18
Sucursal Sur,Coca Cola Zero,2020,5,11147,18452.46,13510.32
Sucursal Sur,Coca Cola Zero,2020,6,5115,9121.44,7184.8
Sucursal Sur,Coca Cola Zero,2020,7,12471,29201.68,19011.47
Sucursal Sur,Coca Cola Zero,2020,8,14075,31960.52,24146.59
Sucursal Sur,Coca Cola Zero,2020,9,13817,42948.22,30551.41
Sucursal Sur,Coca Cola Zero,2020,10,7272,22345.35,13477.88
Sucursal Sur,Coca Cola Zero,2020,11,10366,34670.93,22707.38
Sucursal Sur,Coca Cola Zero,2020,12,11059,17396.2,12091.09
Sucursal Sur,Coca Cola Zero,2021,1,14648,40614.88,28964.32
Sucursal Sur,Coca Cola Zero,2021,2,12378,28158.88,19563.84
Sucursal Sur,Coca Cola Zero,2021,3,7564,14140.01,9468.96
Sucursal Sur,Coca Cola Zero,2021,4,7900,18226.14,14264.91
Sucursal Sur,Coca Cola Zero,2021,5,9115,15279.13,11433.79
Sucursal Sur,Coca Cola Zero,2021,6,6174,15837.05,10635.42
Sucursal Sur,Coca Cola Zero,2021,7,12392,35939.32,26297.78
Sucursal Sur,Coca Cola Zero,2021,8,8007,13741.85,10609.01
Sucursal Sur,Coca Cola Zero,2021,9,10621,21114.29,14323.43
Sucursal Sur,Coca Cola Zero,2021,10,11152,31195.51,20857.93
Sucursal Sur,Coca Cola Zero,2021,11,12281,27768.39,18896.94
Sucursal Sur,Coca Cola Zero,2021,12,14534,31648.7,24791.44
Sucursal Sur,Coca Cola Zero,2022,1,11510,19079.79,14685.84
Sucursal Sur,Coca Cola Zero,2022,2,8623,23650.52,18284.44
Sucursal Sur,Coca Cola Zero,2022,3,14423,39163.42,25745.13
Sucursal Sur,Coca Cola Zero,2022,4,13446,42727.22,31132.01
Sucursal Sur,Coca Cola Zero,2022,5,6747,20868.11,15980.59
Sucursal Sur,Coca Cola Zero,2022,6,6424,11452.96,8205.71
Sucursal Sur,Coca Cola Zero,2022,7,7353,23642.39,15858.63
Sucursal Sur,Coca Cola Zero,2022,8,10319,34708.08,21226.52
Sucursal Sur,Coca Cola Zero,2022,9,11642,24490.65,17331.02
Sucursal Sur,Coca Cola Zero,2022,10,12462,37243.0,29325.7
Sucursal Sur,Coca Cola Zero,2022,11,14739,41172.58,25238.1
Sucursal Sur,Coca Cola Zero,2022,12,11816,24064.93,15927.7
Sucursal Sur,Coca Cola Zero,2023,1,6611,17631.31,13789.62
Sucursal Sur,Coca Cola Zero,2023,2,8778,18460.97,12886.96
Sucursal Sur,Coca Cola Zero,2023,3,5495,10622.02,7476.47
Sucursal Sur,Coca Cola Zero,2023,4,13809,39334.67,24481.22
Sucursal Sur,Coca Cola Zero,2023,5,12658,24370.6,15437.33
Sucursal Sur,Coca Cola Zero,2023,6,7013,14943.81,10541.76
Sucursal Sur,Coca Cola Zero,2023,7,9556,30159.25,18554.89
Sucursal Sur,Coca Cola Zero,2023,8,10360,25702.28,18437.51
Sucursal Sur,Coca Cola Zero,2023,9,7168,12407.16,9486.29
Sucursal Sur,Coca Cola Zero,2023,10,14741,29464.61,19917.19
Sucursal Sur,Coca Cola Zero,2023,11,14578,46924.36,31038.71
Sucursal Sur,Coca Cola Zero,2023,12,11819,27832.62,18225.37
Sucursal Sur,Sprite,2018,1,8214,25334.92,15996.4
Sucursal Sur,Sprite,2018,2,6059,12315.77,9066.43
Sucursal Sur,Sprite,2018,3,10702,29854.16,22797.37
Sucursal Sur,Sprite,2018,4,7229,23779.3,18188.02
Sucursal Sur,Sprite,2018,5,12407,42665.24,26070.64
Sucursal Sur,Sprite,2018,6,6349,17783.17,13680.94
Sucursal Sur,Sprite,2018,7,11339,24283.44,18547.41
Sucursal Sur,Sprite,2018,8,10638,25492.04,16650.9
Sucursal Sur,Sprite,2018,9,12262,31020.11,20211.12
Sucursal Sur,Sprite,2018,10,7462,19069.09,13208.98
Sucursal Sur,Sprite,2018,11,6999,22053.16,14036.79
Sucursal Sur,Sprite,2018,12,10369,31414.46,24440.79
Sucursal Sur,Sprite,2019,1,13283,42852.0,30177.47
Sucursal Sur,Sprite,2019,2,9875,30430.83,19368.05
Sucursal Sur,Sprite,2019,3,10504,17395.96,10521.2
Sucursal Sur,Sprite,2019,4,8135,12513.79,8536.62
Sucursal Sur,Sprite,2019,5,10487,30133.7,19605.78
Sucursal Sur,Sprite,2019,6,13978,25032.7,17807.99
Sucursal Sur,Sprite,2019,7,12235,29855.22,20058.92
Sucursal Sur,Sprite,2019,8,14608,41450.19,27896.39
Sucursal Sur,Sprite,2019,9,7528,19265.15,12839.76
Sucursal Sur,Sprite,2019,10,8898,17781.74,13019.91
Sucursal Sur,Sprite,2019,11,9044,17752.05,11980.13
Sucursal Sur,Sprite,2019,12,11878,18638.89,11982.93
Sucursal Sur,Sprite,2020,1,8488,19899.75,12489.54
Sucursal Sur,Sprite,2020,2,10653,23659.3,15838.41
Sucursal Sur,Sprite,2020,3,13492,35106.77,23260.04
Sucursal Sur,Sprite,2020,4,9988,28277.64,19471.93
Sucursal Sur,Sprite,2020,5,10955,27316.2,21632.53
Sucursal Sur,Sprite,2020,6,13437,44995.06,28401.15
Sucursal Sur,Sprite,2020,7,13424,21931.85,13995.44
Sucursal Sur,Sprite,2020,8,6369,11502.71,7400.54
Sucursal Sur,Sprite,2020,9,13825,44615.08,30379.55
Sucursal Sur,Sprite,2020,10,13256,46272.74,29983.64
Sucursal Sur,Sprite,2020,11,13527,23186.75,14340.78
Sucursal Sur,Sprite,2020,12,11160,33274.21,22677.21
Sucursal Sur,Sprite,2021,1,5271,12492.95,8447.38
Sucursal Sur,Sprite,2021,2,6519,20686.4,14129.22
Sucursal Sur,Sprite,2021,3,8032,13249.32,8011.08
Sucursal Sur,Sprite,2021,4,6796,20412.19,14332.09
Sucursal Sur,Sprite,2021,5,10750,28446.0,22318.05
Sucursal Sur,Sprite,2021,6,10254,27699.9,21571.3
Sucursal Sur,Sprite,2021,7,12107,38406.96,27156.46
Sucursal Sur,Sprite,2021,8,11259,31179.68,22816.18
Sucursal Sur,Sprite,2021,9,6598,16012.6,10494.17
Sucursal Sur,Sprite,2021,10,10467,32027.35,22302.02
Sucursal Sur,Sprite,2021,11,6405,11443.67,7634.35
Sucursal Sur,Sprite,2021,12,8320,18763.04,12253.85
Sucursal Sur,Sprite,2022,1,13725,38020.23,29791.54
Sucursal Sur,Sprite,2022,2,5283,14484.18,8820.01
Sucursal Sur,Sprite,2022,3,8046,15392.2,12237.5
Sucursal Sur,Sprite,2022,4,14384,47257.85,35344.72
Sucursal Sur,Sprite,2022,5,13616,46676.03,31671.95
Sucursal Sur,Sprite,2022,6,9296,31346.11,20276.16
Sucursal Sur,Sprite,2022,7,10720,22493.43,14293.55
Sucursal Sur,Sprite,2022,8,13647,44754.11,29236.72
Sucursal Sur,Sprite,2022,9,8203,19847.36,11992.92
Sucursal Sur,Sprite,2022,10,9421,24489.31,16196.7
Sucursal Sur,Sprite,2022,11,12185,40952.12,26425.89
Sucursal Sur,Sprite,2022,12,12775,30508.22,22424.77
Sucursal Sur,Sprite,2023,1,6798,21035.37,12685.13
Sucursal Sur,Sprite,2023,2,6003,11340.94,8558.65
Sucursal Sur,Sprite,2023,3,14632,32786.81,20716.56
Sucursal Sur,Sprite,2023,4,10908,19558.14,13149.34
Sucursal Sur,Sprite,2023,5,5321,9202.98,7348.92
Sucursal Sur,Sprite,2023,6,8762,26857.84,21437.3
Sucursal Sur,Sprite,2023,7,11815,23635.71,18112.84
Sucursal Sur,Sprite,2023,8,5609,13394.77,9369.18
Sucursal Sur,Sprite,2023,9,5320,17784.71,11315.6
Sucursal Sur,Sprite,2023,10,8556,26659.43,18494.52
Sucursal Sur,Sprite,2023,11,10097,16007.34,12110.69
Sucursal Sur,Sprite,2023,12,12677,43819.06,26910.56
Sucursal Sur,Fanta,2018,1,14220,48547.27,30081.47
Sucursal Sur,Fanta,2018,2,11776,21811.4,15255.86
Sucursal Sur,Fanta,2018,3,5075,9444.91,5836.69
Sucursal Sur,Fanta,2018,4,14699,43289.69,32648.68
Sucursal Sur,Fanta,2018,5,11332,21133.61,16163.07
Sucursal Sur,Fanta,2018,6,11461,30411.08,19112.02
Sucursal Sur,Fanta,2018,7,12072,31237.64,23238.58
Sucursal Sur,Fanta,2018,8,11465,18117.42,11890.84
Sucursal Sur,Fanta,2018,9,7222,15756.49,10982.44
Sucursal Sur,Fanta,2018,10,11854,19527.81,12274.92
Sucursal Sur,Fanta,2018,11,11260,36024.1,24270.39
Sucursal Sur,Fanta,2018,12,11469,24588.4,15204.81
Sucursal Sur,Fanta,2019,1,11930,27734.38,20373.05
Sucursal Sur,Fanta,2019,2,12103,40935.85,32065.87
Sucursal Sur,Fanta,2019,3,11259,25953.09,15939.36
Sucursal Sur,Fanta,2019,4,9552,19303.16,13226.87
Sucursal Sur,Fanta,2019,5,10500,33031.44,20708.19
Sucursal Sur,Fanta,2019,6,10965,25455.09,19052.42
Sucursal Sur,Fanta,2019,7,14516,48381.55,29665.47
Sucursal Sur,Fanta,2019,8,5635,17824.35,13001.2
Sucursal Sur,Fanta,2019,9,6237,15242.75,11013.07
Sucursal Sur,Fanta,2019,10,6018,9764.84,7400.95
Sucursal Sur,Fanta,2019,11,9035,27190.23,19981.2
Sucursal Sur,Fanta,2019,12,7061,21518.93,15419.67
Sucursal Sur,Fanta,2020,1,7513,15203.05,11700.72
Sucursal Sur,Fanta,2020,2,8340,16213.83,10121.34
Sucursal Sur,Fanta,2020,3,10394,19492.97,12029.61
Sucursal Sur,Fanta,2020,4,7690,24802.48,17940.36
Sucursal Sur,Fanta,2020,5,13660,45252.74,29280.95
Sucursal Sur,Fanta,2020,6,7441,12222.76,7645.1
Sucursal Sur,Fanta,2020,7,12209,40638.18,29642.65
Sucursal Sur,Fanta,2020,8,7668,17357.08,10993.14
Sucursal Sur,Fanta,2020,9,9937,20554.75,16081.48
Sucursal Sur,Fanta,2020,10,8596,27315.57,20660.05
Sucursal Sur,Fanta,2020,11,6519,17748.3,13146.9
Sucursal Sur,Fanta,2020,12,13339,45962.83,31268.41
Sucursal Sur,Fanta,2021,1,9317,16762.87,10913.4
Sucursal Sur,Fanta,2021,2,11667,23791.49,17874.72
Sucursal Sur,Fanta,2021,3,10378,18887.81,14143.54
Sucursal Sur,Fanta,2021,4,13313,33243.23,25351.34
Sucursal Sur,Fanta,2021,5,7123,13565.18,10636.48
Sucursal Sur,Fanta,2021,6,6648,17664.63,12120.17
Sucursal Sur,Fanta,2021,7,11821,34434.35,24062.34
Sucursal Sur,Fanta,2021,8,14355,24223.5,17255.88
Sucursal Sur,Fanta,2021,9,8646,20974.84,13120.21
Sucursal Sur,Fanta,2021,10,11449,20266.39,14668.59
Sucursal Sur,Fanta,2021,11,9920,16955.15,11696.22
Sucursal Sur,Fanta,2021,12,13226,20573.6,15951.28
Sucursal Sur,Fanta,2022,1,13899,31291.28,23225.41
Sucursal Sur,Fanta,2022,2,10045,29767.69,23595.8
Sucursal Sur,Fanta,2022,3,7024,20004.64,13026.46
Sucursal Sur,Fanta,2022,4,5520,16591.43,10745.61
Sucursal Sur,Fanta,2022,5,7204,23921.84,16532.16
Sucursal Sur,Fanta,2022,6,9393,31187.68,23821.0
Sucursal Sur,Fanta,2022,7,6156,19819.25,15643.04
Sucursal Sur,Fanta,2022,8,14378,25306.35,19734.29
Sucursal Sur,Fanta,2022,9,6136,18829.4,12155.39
Sucursal Sur,Fanta,2022,10,9588,32470.18,25698.09
Sucursal Sur,Fanta,2022,11,13876,26463.71,18623.19
Sucursal Sur,Fanta,2022,12,14244,49167.29,30597.65
Sucursal Sur,Fanta,2023,1,14554,29984.93,18482.04
Sucursal Sur,Fanta,2023,2,13737,22891.43,17100.21
Sucursal Sur,Fanta,2023,3,7923,12057.31,7880.59
Sucursal Sur,Fanta,2023,4,14451,47615.24,36079.13
Sucursal Sur,Fanta,2023,5,6859,10476.16,8258.46
Sucursal Sur,Fanta,2023,6,12964,30291.95,23483.27
Sucursal Sur,Fanta,2023,7,9875,23323.01,15357.38
Sucursal Sur,Fanta,2023,8,9342,16775.22,12434.73
Sucursal Sur,Fanta,2023,9,13721,31212.85,22286.47
Sucursal Sur,Fanta,2023,10,13489,44563.1,27711.65
Sucursal Sur,Fanta,2023,11,7660,23295.19,17808.07
Sucursal Sur,Fanta,2023,12,11575,20974.38,16728.37
Sucursal Sur,Schweppes,2018,1,8323,18093.19,11549.46
Sucursal Sur,Schweppes,2018,2,13014,25505.31,17390.74
Sucursal Sur,Schweppes,2018,3,10851,21379.5,15587.48
Sucursal Sur,Schweppes,2018,4,7503,25715.43,17599.21
Sucursal Sur,Schweppes,2018,5,8225,27959.57,19529.33
Sucursal Sur,Schweppes,2018,6,13403,41157.88,29535.36
Sucursal Sur,Schweppes,2018,7,14147,34932.91,24641.29
Sucursal Sur,Schweppes,2018,8,12474,26493.65,19573.22
Sucursal Sur,Schweppes,2018,9,7043,11085.08,6961.37
Sucursal Sur,Schweppes,2018,10,11108,27356.67,20064.88
Sucursal Sur,Schweppes,2018,11,5707,9766.98,5863.73
Sucursal Sur,Schweppes,2018,12,13521,27379.78,17808.43
Sucursal Sur,Schweppes,2019,1,7314,14508.09,10528.49
Sucursal Sur,Schweppes,2019,2,5717,8969.68,6102.24
Sucursal Sur,Schweppes,2019,3,8418,22115.32,17380.35
Sucursal Sur,Schweppes,2019,4,14531,27233.61,19382.62
Sucursal Sur,Schweppes,2019,5,13099,23567.03,14355.16
Sucursal Sur,Schweppes,2019,6,6592,18514.74,14573.36
Sucursal Sur,Schweppes,2019,7,13642,32934.48,25900.38
Sucursal Sur,Schweppes,2019,8,6321,10380.81,7353.23
Sucursal Sur,Schweppes,2019,9,10559,20364.15,15530.9
Sucursal Sur,Schweppes,2019,10,12179,34292.19,26951.85
Sucursal Sur,Schweppes,2019,11,6159,15443.22,9411.41
Sucursal Sur,Schweppes,2019,12,10424,34626.4,26849.06
Sucursal Sur,Schweppes,2020,1,10799,35248.15,26223.04
Sucursal Sur,Schweppes,2020,2,7321,17104.22,11405.85
Sucursal Sur,Schweppes,2020,3,6408,20990.03,15467.87
Sucursal Sur,Schweppes,2020,4,8580,29668.98,19360.16
Sucursal Sur,Schweppes,2020,5,8902,16804.88,10276.75
Sucursal Sur,Schweppes,2020,6,8551,19114.82,13809.82
Sucursal Sur,Schweppes,2020,7,5170,9278.34,7368.78
Sucursal Sur,Schweppes,2020,8,9236,16361.28,10149.16
Sucursal Sur,Schweppes,2020,9,13378,28788.48,17653.68
Sucursal Sur,Schweppes,2020,10,9038,21201.39,14267.7
Sucursal Sur,Schweppes,2020,11,14692,35673.33,26152.38
Sucursal Sur,Schweppes,2020,12,12645,31647.02,22694.91
Sucursal Sur,Schweppes,2021,1,10316,19236.11,14705.45
Sucursal Sur,Schweppes,2021,2,12138,38845.33,24875.42
Sucursal Sur,Schweppes,2021,3,7491,16031.74,11960.16
Sucursal Sur,Schweppes,2021,4,5560,9783.21,6790.88
Sucursal Sur,Schweppes,2021,5,8936,28465.18,18088.18
Sucursal Sur,Schweppes,2021,6,12398,21650.35,15348.02
Sucursal Sur,Schweppes,2021,7,8142,15195.45,9166.87
Sucursal Sur,Schweppes,2021,8,14469,25726.77,15641.81
Sucursal Sur,Schweppes,2021,9,14164,43959.94,31070.59
Sucursal Sur,Schweppes,2021,10,7743,21571.92,17220.8
Sucursal Sur,Schweppes,2021,11,8749,15449.98,9628.51
Sucursal Sur,Schweppes,2021,12,6833,12647.85,7842.67
Sucursal Sur,Schweppes,2022,1,7166,24791.59,19213.61
Sucursal Sur,Schweppes,2022,2,7318,17332.6,12734.58
Sucursal Sur,Schweppes,2022,3,13350,30103.26,21786.7
Sucursal Sur,Schweppes,2022,4,7561,14493.61,10652.13
Sucursal Sur,Schweppes,2022,5,6476,14728.69,11131.36
Sucursal Sur,Schweppes,2022,6,9553,23651.33,14633.68
Sucursal Sur,Schweppes,2022,7,13093,28902.22,17941.51
Sucursal Sur,Schweppes,2022,8,10078,34166.85,20861.14
Sucursal Sur,Schweppes,2022,9,9364,24427.48,19389.99
Sucursal Sur,Schweppes,2022,10,12618,38832.62,29349.14
Sucursal Sur,Schweppes,2022,11,10858,29581.19,20317.04
Sucursal Sur,Schweppes,2022,12,14469,29186.24,20470.22
Sucursal Sur,Schweppes,2023,1,12484,42873.99,29452.06
Sucursal Sur,Schweppes,2023,2,6306,11265.89,7416.15
Sucursal Sur,Schweppes,2023,3,8508,26242.29,18353.63
Sucursal Sur,Schweppes,2023,4,12070,24452.91,19140.01
Sucursal Sur,Schweppes,2023,5,13230,36736.96,25519.05
Sucursal Sur,Schweppes,2023,6,6273,20399.88,15426.21
Sucursal Sur,Schweppes,2023,7,6532,16905.33,10516.03
Sucursal Sur,Schweppes,2023,8,9581,18808.33,13001.39
Sucursal Sur,Schweppes,2023,9,7126,24043.27,17534.98
Sucursal Sur,Schweppes,2023,10,8823,19060.63,14492.65
Sucursal Sur,Schweppes,2023,11,7394,16370.13,12592.08
Sucursal Sur,Schweppes,2023,12,8499,24478.48,14961.38
Sucursal Este,Coca Cola,2018,1,14731,33383.22,20920.5
Sucursal Este,Coca Cola,2018,2,6292,19173.16,12118.05
Sucursal Este,Coca Cola,2018,3,8728,15661.17,12156.53
Sucursal Este,Coca Cola,2018,4,9035,17223.33,12799.58
Sucursal Este,Coca Cola,2018,5,14839,25518.44,17980.65
Sucursal Este,Coca Cola,2018,6,12166,25162.24,19684.1
Sucursal Este,Coca Cola,2018,7,7076,17182.2,12879.07
Sucursal Este,Coca Cola,2018,8,13178,31489.64,20299.79
Sucursal Este,Coca Cola,2018,9,5447,15930.68,12383.34
Sucursal Este,Coca Cola,2018,10,8644,27359.07,17390.67
Sucursal Este,Coca Cola,2018,11,7279,25317.56,17848.87
Sucursal Este,Coca Cola,2018,12,7482,22806.41,14416.05
Sucursal Este,Coca Cola,2019,1,8629,13323.02,10403.77
Sucursal Este,Coca Cola,2019,2,11949,39429.91,24956.88
Sucursal Este,Coca Cola,2019,3,9355,26206.08,19852.52
Sucursal Este,Coca Cola,2019,4,14102,40867.85,26344.33
Sucursal Este,Coca Cola,2019,5,6636,16932.0,12163.38
Sucursal Este,Coca Cola,2019,6,8396,15401.03,11034.5
Sucursal Este,Coca Cola,2019,7,13325,38349.65,23573.98
Sucursal Este,Coca Cola,2019,8,5345,15542.71,10098.99
Sucursal Este,Coca Cola,2019,9,5015,12646.77,9007.05
Sucursal Este,Coca Cola,2019,10,6124,12483.94,9800.54
Sucursal Este,Coca Cola,2019,11,13055,20118.85,14593.29
Sucursal Este,Coca Cola,2019,12,12759,41501.24,27584.64
Sucursal Este,Coca Cola,2020,1,9849,16147.3,10799.67
Sucursal Este,Coca Cola,2020,2,11252,18238.85,13165.0
Sucursal Este,Coca Cola,2020,3,13155,42999.56,26713.33
Sucursal Este,Coca Cola,2020,4,6596,22296.67,16591.84
Sucursal Este,Coca Cola,2020,5,11023,27580.84,21492.11
Sucursal Este,Coca Cola,2020,6,6899,22353.88,16860.4
Sucursal Este,Coca Cola,2020,7,14613,30416.98,19860.69
Sucursal Este,Coca Cola,2020,8,8965,26388.25,19290.94
Sucursal Este,Coca Cola,2020,9,8734,18295.45,12697.93
Sucursal Este,Coca Cola,2020,10,7710,11959.46,9438.6
Sucursal Este,Coca Cola,2020,11,11221,19251.53,12098.73
Sucursal Este,Coca Cola,2020,12,13082,35475.18,22322.04
Sucursal Este,Coca Cola,2021,1,9033,26649.25,18054.42
Sucursal Este,Coca Cola,2021,2,9382,28175.67,22048.29
Sucursal Este,Coca Cola,2021,3,13166,31341.38,20091.36
Sucursal Este,Coca Cola,2021,4,11710,29823.81,21877.91
Sucursal Este,Coca Cola,2021,5,14521,44471.8,30385.25
Sucursal Este,Coca Cola,2021,6,8689,25143.94,17455.8
Sucursal Este,Coca Cola,2021,7,10623,23563.13,16829.22
Sucursal Este,Coca Cola,2021,8,9470,24936.53,18219.92
Sucursal Este,Coca Cola,2021,9,12286,27434.52,21428.82
Sucursal Este,Coca Cola,2021,10,13121,31147.54,24289.27
Sucursal Este,Coca Cola,2021,11,7280,13786.69,10049.26
Sucursal Este,Coca Cola,2021,12,9802,28216.55,17926.07
Sucursal Este,Coca Cola,2022,1,7989,22024.22,17099.25
Sucursal Este,Coca Cola,2022,2,14000,27570.74,20909.12
Sucursal Este,Coca Cola,2022,3,8497,22161.41,15454.94
Sucursal Este,Coca Cola,2022,4,9770,28984.57,18362.88
Sucursal Este,Coca Cola,2022,5,8775,26153.79,16900.47
Sucursal Este,Coca Cola,2022,6,10321,19961.38,12388.2
Sucursal Este,Coca Cola,2022,7,7353,13615.91,8561.5
Sucursal Este,Coca Cola,2022,8,6965,18470.0,13508.73
Sucursal Este,Coca Cola,2022,9,14401,29741.53,21742.03
Sucursal Este,Coca Cola,2022,10,5973,9982.5,6249.71
Sucursal Este,Coca Cola,2022,11,9694,17557.34,13175.26
Sucursal Este,Coca Cola,2022,12,6679,10118.77,7536.54
Sucursal Este,Coca Cola,2023,1,14107,43348.11,27121.97
Sucursal Este,Coca Cola,2023,2,5332,11584.19,9242.5
Sucursal Este,Coca Cola,2023,3,7379,20255.27,14467.5
Sucursal Este,Coca Cola,2023,4,8693,15427.84,10035.28
Sucursal Este,Coca Cola,2023,5,13163,36143.64,28113.39
Sucursal Este,Coca Cola,2023,6,6117,21111.59,14007.0
Sucursal Este,Coca Cola,2023,7,9295,29695.48,20101.43
Sucursal Este,Coca Cola,2023,8,8586,12885.23,10036.33
Sucursal Este,Coca Cola,2023,9,7945,15871.25,12245.93
Sucursal Este,Coca Cola,2023,10,5631,8941.15,6848.17
Sucursal Este,Coca Cola,2023,11,7380,12383.01,9679.03
Sucursal Este,Coca Cola,2023,12,10488,31282.91,20199.06
Sucursal Este,Coca Cola Light,2018,1,12463,39871.3,30387.5
Sucursal Este,Coca Cola Light,2018,2,5548,13100.77,8768.5
Sucursal Este,Coca Cola Light,2018,3,12414,28385.32,18588.28
Sucursal Este,Coca Cola Light,2018,4,11892,21644.72,17268.79
Sucursal Este,Coca Cola Light,2018,5,8750,27303.44,18194.94
Sucursal Este,Coca Cola Light,2018,6,9774,31011.16,22903.42
Sucursal Este,Coca Cola Light,2018,7,13588,38033.41,24886.28
Sucursal Este,Coca Cola Light,2018,8,10867,18426.92,14241.03
Sucursal Este,Coca Cola Light,2018,9,5672,17207.91,10372.97
Sucursal Este,Coca Cola Light,2018,10,12548,42940.51,31868.59
Sucursal Este,Coca Cola Light,2018,11,7162,14584.98,11337.43
Sucursal Este,Coca Cola Light,2018,12,10465,29805.09,18424.77
Sucursal Este,Coca Cola Light,2019,1,9735,19016.29,14092.3
Sucursal Este,Coca Cola Light,2019,2,9031,28828.16,17771.01
Sucursal Este,Coca Cola Light,2019,3,10288,17889.32,11703.53
Sucursal Este,Coca Cola Light,2019,4,13166,41207.39,32633.32
Sucursal Este,Coca Cola Light,2019,5,10354,31766.41,24953.28
Sucursal Este,Coca Cola Light,2019,6,5950,17385.33,13779.39
Sucursal Este,Coca Cola Light,2019,7,5123,7956.36,6253.39
Sucursal Este,Coca Cola Light,2019,8,5958,9705.62,6717.53
Sucursal Este,Coca Cola Light,2019,9,6380,17343.07,10468.5
Sucursal Este,Coca Cola Light,2019,10,14572,36531.67,22474.53
Sucursal Este,Coca Cola Light,2019,11,8544,20479.63,14402.64
Sucursal Este,Coca Cola Light,2019,12,14952,24194.59,16225.99
Sucursal Este,Coca Cola Light,2020,1,13756,23336.61,17400.03
Sucursal Este,Coca Cola Light,2020,2,10887,22405.84,15530.21
Sucursal Este,Coca Cola Light,2020,3,6798,10898.59,8253.79
Sucursal Este,Coca Cola Light,2020,4,12107,23245.21,15604.89
Sucursal Este,Coca Cola Light,2020,5,14738,39315.58,30513.37
Sucursal Este,Coca Cola Light,2020,6,12600,40630.55,24438.73
Sucursal Este,Coca Cola Light,2020,7,9376,16441.1,11431.68
Sucursal Este,Coca Cola Light,2020,8,6368,12067.41,8991.81
Sucursal Este,Coca Cola Light,2020,9,5037,10729.22,6736.29
Sucursal Este,Coca Cola Light,2020,10,14098,28261.73,19359.0
Sucursal Este,Coca Cola Light,2020,11,14902,29630.57,22382.74
Sucursal Este,Coca Cola Light,2020,12,8546,16056.37,9986.94
Sucursal Este,Coca Cola Light,2021,1,11466,22754.53,17476.16
Sucursal Este,Coca Cola Light,2021,2,13923,24754.48,17050.78
Sucursal Este,Coca Cola Light,2021,3,14903,24686.58,17772.03
Sucursal Este,Coca Cola Light,2021,4,13878,34870.83,25621.29
Sucursal Este,Coca Cola Light,2021,5,11464,29702.29,21737.68
Sucursal Este,Coca Cola Light,2021,6,11216,38021.2,27329.98
Sucursal Este,Coca Cola Light,2021,7,13556,34002.04,27123.24
Sucursal Este,Coca Cola Light,2021,8,12989,37418.23,27763.66
Sucursal Este,Coca Cola Light,2021,9,11232,38756.86,25023.57
Sucursal Este,Coca Cola Light,2021,10,14621,37196.56,25147.72
Sucursal Este,Coca Cola Light,2021,11,13225,30133.52,18294.47
Sucursal Este,Coca Cola Light,2021,12,11464,34647.45,27460.17
Sucursal Este,Coca Cola Light,2022,1,13803,28571.21,21824.42
Sucursal Este,Coca Cola Light,2022,2,6377,13528.29,10120.56
Sucursal Este,Coca Cola Light,2022,3,14787,23735.71,17497.82
Sucursal Este,Coca Cola Light,2022,4,14871,36517.43,29132.36
Sucursal Este,Coca Cola Light,2022,5,14315,41358.75,25513.76
Sucursal Este,Coca Cola Light,2022,6,9738,26485.17,20003.53
Sucursal Este,Coca Cola Light,2022,7,10665,27088.86,19278.99
Sucursal Este,Coca Cola Light,2022,8,5193,10621.42,7733.37
Sucursal Este,Coca Cola Light,2022,9,11971,37559.92,24283.08
Sucursal Este,Coca Cola Light,2022,10,7702,22587.15,14201.05
Sucursal Este,Coca Cola Light,2022,11,6029,13622.7,10709.45
Sucursal Este,Coca Cola Light,2022,12,13683,41224.51,25397.32
Sucursal Este,Coca Cola Light,2023,1,13549,21994.96,17566.3
Sucursal Este,Coca Cola Light,2023,2,12985,43364.08,30505.55
Sucursal Este,Coca Cola Light,2023,3,7289,22231.35,17404.11
Sucursal Este,Coca Cola Light,2023,4,13668,29094.42,20818.9
Sucursal Este,Coca Cola Light,2023,5,10676,22826.99,13746.63
Sucursal Este,Coca Cola Light,2023,6,14373,24271.07,18061.58
Sucursal Este,Coca Cola Light,2023,7,14354,25741.72,15916.51
Sucursal Este,Coca Cola Light,2023,8,11509,19980.71,15007.09
Sucursal Este,Coca Cola Light,2023,9,6098,18771.33,14283.8
Sucursal Este,Coca Cola Light,2023,10,8409,18349.51,12170.75
Sucursal Este,Coca Cola Light,2023,11,12265,21992.34,16823.4
Sucursal Este,Coca Cola Light,2023,12,5421,11725.82,7854.07
Sucursal Este,Coca Cola Zero,2018,1,14626,39667.79,31347.22
Sucursal Este,Coca Cola Zero,2018,2,10940,17257.39,10952.61
Sucursal Este,Coca Cola Zero,2018,3,14728,41662.82,30579.62
Sucursal Este,Coca Cola Zero,2018,4,14144,26085.44,19424.6
Sucursal Este,Coca Cola Zero,2018,5,10367,22887.1,15990.17
Sucursal Este,Coca Cola Zero,2018,6,12159,32135.62,23001.32
Sucursal Este,Coca Cola Zero,2018,7,9602,33595.01,21979.36
Sucursal Este,Coca Cola Zero,2018,8,6952,14402.77,9863.08
Sucursal Este,Coca Cola Zero,2018,9,8664,25154.71,19024.92
Sucursal Este,Coca Cola Zero,2018,10,7586,19699.62,12268.88
Sucursal Este,Coca Cola Zero,2018,11,6022,15460.66,11375.43
Sucursal Este,Coca Cola Zero,2018,12,13354,45190.6,33606.28
Sucursal Este,Coca Cola Zero,2019,1,14110,33501.28,24241.66
Sucursal Este,Coca Cola Zero,2019,2,14713,40611.06,27421.08
Sucursal Este,Coca Cola Zero,2019,3,9111,18029.2,12326.65
Sucursal Este,Coca Cola Zero,2019,4,14698,36865.22,24994.03
Sucursal Este,Coca Cola Zero,2019,5,10893,25459.99,18244.5
Sucursal Este,Coca Cola Zero,2019,6,8983,29268.97,18659.48
Sucursal Este,Coca Cola Zero,2019,7,5470,14122.43,9040.05
Sucursal Este,Coca Cola Zero,2019,8,13761,26835.34,19580.06
Sucursal Este,Coca Cola Zero,2019,9,7700,16989.4,10307.72
Sucursal Este,Coca Cola Zero,2019,10,12765,34549.96,24223.21
Sucursal Este,Coca Cola Zero,2019,11,10464,18013.36,13891.44
Sucursal Este,Coca Cola Zero,2019,12,11091,23507.43,15375.08
Sucursal Este,Coca Cola Zero,2020,1,14280,44832.73,35000.01
Sucursal Este,Coca Cola Zero,2020,2,8292,27676.25,18009.62
Sucursal Este,Coca Cola Zero,2020,3,14845,26289.79,17920.44
Sucursal Este,Coca Cola Zero,2020,4,12462,18707.24,14728.36
Sucursal Este,Coca Cola Zero,2020,5,5992,12328.41,9398.74
Sucursal Este,Coca Cola Zero,2020,6,12323,36427.2,27582.81
Sucursal Este,Coca Cola Zero,2020,7,7551,25290.7,15862.75
Sucursal Este,Coca Cola Zero,2020,8,8356,21299.12,16504.99
Sucursal Este,Coca Cola Zero,2020,9,10339,19850.47,13025.27
Sucursal Este,Coca Cola Zero,2020,10,6176,20221.44,16043.27
Sucursal Este,Coca Cola Zero,2020,11,10594,27139.93,18207.72
Sucursal Este,Coca Cola Zero,2020,12,7964,27365.48,19646.38
Sucursal Este,Coca Cola Zero,2021,1,12709,33606.56,23044.02
Sucursal Este,Coca Cola Zero,2021,2,10768,33058.97,20963.91
Sucursal Este,Coca Cola Zero,2021,3,5336,12634.17,8233.76
Sucursal Este,Coca Cola Zero,2021,4,8637,18843.38,13349.57
Sucursal Este,Coca Cola Zero,2021,5,7560,17766.14,11259.29
Sucursal Este,Coca Cola Zero,2021,6,10987,24958.76,15519.77
Sucursal Este,Coca Cola Zero,2021,7,8500,19927.18,15421.06
Sucursal Este,Coca Cola Zero,2021,8,6251,21374.43,12917.61
Sucursal Este,Coca Cola Zero,2021,9,10797,35631.77,27726.83
Sucursal Este,Coca Cola Zero,2021,10,9540,20741.79,16055.56
Sucursal Este,Coca Cola Zero,2021,11,5156,12372.45,9063.24
Sucursal Este,Coca Cola Zero,2021,12,5882,15681.68,11291.21
Sucursal Este,Coca Cola Zero,2022,1,8771,17369.46,10581.68
Sucursal Este,Coca Cola Zero,2022,2,7919,12340.3,8492.08
Sucursal Este,Coca Cola Zero,2022,3,11132,31088.9,19347.7
Sucursal Este,Coca Cola Zero,2022,4,5247,11670.85,8142.65
Sucursal Este,Coca Cola Zero,2022,5,8411,23860.58,15546.79
Sucursal Este,Coca Cola Zero,2022,6,14143,27812.14,19491.89
Sucursal Este,Coca Cola Zero,2022,7,5757,19767.53,12653.58
Sucursal Este,Coca Cola Zero,2022,8,12269,37700.61,26491.15
Sucursal Este,Coca Cola Zero,2022,9,9168,20582.5,14472.41
Sucursal Este,Coca Cola Zero,2022,10,10014,23107.84,16876.0
Sucursal Este,Coca Cola Zero,2022,11,8872,26687.47,17395.7
Sucursal Este,Coca Cola Zero,2022,12,5460,10980.8,6905.82
Sucursal Este,Coca Cola Zero,2023,1,5996,14606.52,8909.79
Sucursal Este,Coca Cola Zero,2023,2,5894,19135.98,13623.05
Sucursal Este,Coca Cola Zero,2023,3,12816,26696.19,18505.03
Sucursal Este,Coca Cola Zero,2023,4,14355,43546.03,31833.53
Sucursal Este,Coca Cola Zero,2023,5,9782,27836.71,20950.74
Sucursal Este,Coca Cola Zero,2023,6,5416,16619.12,11490.29
Sucursal Este,Coca Cola Zero,2023,7,10147,15499.91,11565.51
Sucursal Este,Coca Cola Zero,2023,8,12603,35910.32,26921.62
Sucursal Este,Coca Cola Zero,2023,9,5652,8721.9,5709.8
Sucursal Este,Coca Cola Zero,2023,10,9544,16259.6,11982.84
Sucursal Este,Coca Cola Zero,2023,11,5553,17997.35,12932.55
Sucursal Este,Coca Cola Zero,2023,12,11891,37980.89,28741.35
Sucursal Este,Sprite,2018,1,6472,11145.27,7775.35
Sucursal Este,Sprite,2018,2,5805,13684.01,10776.47
Sucursal Este,Sprite,2018,3,7543,19944.57,13260.08
Sucursal Este,Sprite,2018,4,14080,39316.8,25761.14
Sucursal Este,Sprite,2018,5,14158,45539.13,29331.94
Sucursal Este,Sprite,2018,6,12424,38684.2,27275.29
Sucursal Este,Sprite,2018,7,8855,17770.29,13936.66
Sucursal Este,Sprite,2018,8,13611,32767.88,22202.84
Sucursal Este,Sprite,2018,9,8052,14865.34,11153.39
Sucursal Este,Sprite,2018,10,6499,18576.66,13048.19
Sucursal Este,Sprite,2018,11,8966,30720.32,23648.16
Sucursal Este,Sprite,2018,12,14456,45977.2,36170.55
Sucursal Este,Sprite,2019,1,9531,16896.77,11516.59
Sucursal Este,Sprite,2019,2,9766,30430.57,21671.17
Sucursal Este,Sprite,2019,3,10535,35927.22,23658.76
Sucursal Este,Sprite,2019,4,12611,42685.58,32592.74
Sucursal Este,Sprite,2019,5,6684,21022.24,14022.26
Sucursal Este,Sprite,2019,6,10364,32111.21,25621.36
Sucursal Este,Sprite,2019,7,9025,30065.41,22904.36
Sucursal Este,Sprite,2019,8,10871,21634.05,14813.87
Sucursal Este,Sprite,2019,9,8236,24932.9,14967.72
Sucursal Este,Sprite,2019,10,12874,38194.59,24783.71
Sucursal Este,Sprite,2019,11,13388,26958.11,20031.22
Sucursal Este,Sprite,2019,12,9737,31132.42,24489.6
Sucursal Este,Sprite,2020,1,13681,47608.94,35640.67
Sucursal Este,Sprite,2020,2,10739,25560.51,20188.63
Sucursal Este,Sprite,2020,3,14841,32055.0,24659.49
Sucursal Este,Sprite,2020,4,8608,24494.54,15859.35
Sucursal Este,Sprite,2020,5,6619,20892.64,15666.38
Sucursal Este,Sprite,2020,6,9221,28419.24,19219.38
Sucursal Este,Sprite,2020,7,13547,36153.81,23577.09
Sucursal Este,Sprite,2020,8,12080,20121.38,14591.8
Sucursal Este,Sprite,2020,9,7169,16746.25,12598.37
Sucursal Este,Sprite,2020,10,13000,44814.54,34266.42
Sucursal Este,Sprite,2020,11,11725,26448.65,20010.32
Sucursal Este,Sprite,2020,12,10773,23567.63,14285.17
Sucursal Este,Sprite,2021,1,6413,21734.93,13556.61
Sucursal Este,Sprite,2021,2,11420,26444.76,16340.85
Sucursal Este,Sprite,2021,3,6749,18860.92,11747.03
Sucursal Este,Sprite,2021,4,11293,24885.69,16781.22
Sucursal Este,Sprite,2021,5,8905,20133.56,14369.87
Sucursal Este,Sprite,2021,6,14905,50148.96,30870.58
Sucursal Este,Sprite,2021,7,13701,21782.26,15461.96
Sucursal Este,Sprite,2021,8,7219,12759.99,8573.84
Sucursal Este,Sprite,2021,9,12598,21660.86,16131.37
Sucursal Este,Sprite,2021,10,13048,32283.06,21189.25
Sucursal Este,Sprite,2021,11,7772,22266.41,15125.61
Sucursal Este,Sprite,2021,12,10204,19761.84,12921.82
Sucursal Este,Sprite,2022,1,13808,45284.67,33349.27
Sucursal Este,Sprite,2022,2,8769,30690.9,18906.39
Sucursal Este,Sprite,2022,3,7237,21797.42,17403.12
Sucursal Este,Sprite,2022,4,8234,17558.6,11572.16
Sucursal Este,Sprite,2022,5,10871,26842.01,16213.53
Sucursal Este,Sprite,2022,6,8672,26523.84,20963.65
Sucursal Este,Sprite,2022,7,14176,27168.42,19175.61
Sucursal Este,Sprite,2022,8,13000,40584.28,27338.88
Sucursal Este,Sprite,2022,9,5067,9781.61,6376.37
Sucursal Este,Sprite,2022,10,8086,28226.72,21289.06
Sucursal Este,Sprite,2022,11,12715,25199.8,18167.19
Sucursal Este,Sprite,2022,12,10602,16106.56,11882.57
Sucursal Este,Sprite,2023,1,6212,19511.58,12282.22
Sucursal Este,Sprite,2023,2,6860,23093.61,17879.25
Sucursal Este,Sprite,2023,3,13113,37457.51,26660.53
Sucursal Este,Sprite,2023,4,8591,17136.11,12479.92
Sucursal Este,Sprite,2023,5,7466,17681.32,10959.77
Sucursal Este,Sprite,2023,6,12223,27036.58,19149.5
Sucursal Este,Sprite,2023,7,9531,27802.51,21140.29
Sucursal Este,Sprite,2023,8,9729,17646.73,10881.98
Sucursal Este,Sprite,2023,9,13421,42006.85,32257.11
Sucursal Este,Sprite,2023,10,6395,21202.15,16302.35
Sucursal Este,Sprite,2023,11,10458,20339.07,14482.38
Sucursal Este,Sprite,2023,12,11843,41051.57,32460.76
Sucursal Este,Fanta,2018,1,13604,36845.73,28655.49
Sucursal Este,Fanta,2018,2,12398,38769.6,30227.62
Sucursal Este,Fanta,2018,3,5150,17751.49,13052.3
Sucursal Este,Fanta,2018,4,5707,15602.26,9943.42
Sucursal Este,Fanta,2018,5,12281,35275.07,21520.44
Sucursal Este,Fanta,2018,6,5748,13072.34,9705.19
Sucursal Este,Fanta,2018,7,6421,10144.0,6299.33
Sucursal Este,Fanta,2018,8,7119,16255.99,12188.33
Sucursal Este,Fanta,2018,9,6513,16591.47,12286.32
Sucursal Este,Fanta,2018,10,7327,16080.26,10134.59
Sucursal Este,Fanta,2018,11,9939,30609.39,20851.43
Sucursal Este,Fanta,2018,12,11551,26278.69,17888.27
Sucursal Este,Fanta,2019,1,14092,42039.04,30618.69
Sucursal Este,Fanta,2019,2,14343,24194.43,17170.25
Sucursal Este,Fanta,2019,3,6415,17784.75,11020.81
Sucursal Este,Fanta,2019,4,7310,14267.62,9091.27
Sucursal Este,Fanta,2019,5,6625,13478.67,8981.98
Sucursal Este,Fanta,2019,6,11016,20609.45,14355.6
Sucursal Este,Fanta,2019,7,9860,22702.83,14808.49
Sucursal Este,Fanta,2019,8,12560,27382.44,19602.23
Sucursal Este,Fanta,2019,9,11637,33640.77,21338.52
Sucursal Este,Fanta,2019,10,5588,8738.2,5391.44
Sucursal Este,Fanta,2019,11,11065,33413.84,21491.15
Sucursal Este,Fanta,2019,12,5599,19226.77,14006.36
Sucursal Este,Fanta,2020,1,13417,30807.17,22624.38
Sucursal Este,Fanta,2020,2,8573,26644.19,18789.08
Sucursal Este,Fanta,2020,3,11123,35176.65,21389.5
Sucursal Este,Fanta,2020,4,14072,41792.83,32326.91
Sucursal Este,Fanta,2020,5,7107,12928.39,9992.49
Sucursal Este,Fanta,2020,6,7697,18717.76,14130.57
Sucursal Este,Fanta,2020,7,13175,28107.27,19621.5
Sucursal Este,Fanta,2020,8,12614,31873.56,22248.72
Sucursal Este,Fanta,2020,9,12441,20842.52,13788.15
Sucursal Este,Fanta,2020,10,13807,34932.78,27762.76
Sucursal Este,Fanta,2020,11,7054,13233.32,10499.72
Sucursal Este,Fanta,2020,12,12593,39933.86,27368.26
Sucursal Este,Fanta,2021,1,14203,40122.54,29882.48
Sucursal Este,Fanta,2021,2,14045,40446.49,30044.11
Sucursal Este,Fanta,2021,3,10478,36439.32,27932.7
Sucursal Este,Fanta,2021,4,11069,36400.51,23567.99
Sucursal Este,Fanta,2021,5,10658,27544.72,17688.8
Sucursal Este,Fanta,2021,6,14338,31575.75,23397.03
Sucursal Este,Fanta,2021,7,6424,13171.67,9459.19
Sucursal Este,Fanta,2021,8,8454,27689.93,21437.52
Sucursal Este,Fanta,2021,9,13040,38681.84,26027.42
Sucursal Este,Fanta,2021,10,8182,15116.04,11450.93
Sucursal Este,Fanta,2021,11,12978,39380.55,28254.37
Sucursal Este,Fanta,2021,12,13540,30414.79,21594.46
Sucursal Este,Fanta,2022,1,6574,11091.7,7192.49
Sucursal Este,Fanta,2022,2,10924,19665.89,12000.46
Sucursal Este,Fanta,2022,3,12150,35044.06,22163.78
Sucursal Este,Fanta,2022,4,9125,22894.76,16826.32
Sucursal Este,Fanta,2022,5,12863,39478.88,26068.46
Sucursal Este,Fanta,2022,6,9382,29365.36,21687.95
Sucursal Este,Fanta,2022,7,10716,26093.15,18075.59
Sucursal Este,Fanta,2022,8,9474,31835.48,22021.98
Sucursal Este,Fanta,2022,9,10267,24145.38,14694.92
Sucursal Este,Fanta,2022,10,9995,29365.92,21907.59
Sucursal Este,Fanta,2022,11,5138,10621.79,7381.65
Sucursal Este,Fanta,2022,12,14863,40190.12,29120.78
Sucursal Este,Fanta,2023,1,11919,32684.41,19929.0
Sucursal Este,Fanta,2023,2,5601,9593.31,5880.04
Sucursal Este,Fanta,2023,3,5392,15532.9,11702.85
Sucursal Este,Fanta,2023,4,7693,21914.34,14784.41
Sucursal Este,Fanta,2023,5,14119,26554.17,16329.92
Sucursal Este,Fanta,2023,6,12815,40090.71,31051.51
Sucursal Este,Fanta,2023,7,7631,17806.41,10740.07
Sucursal Este,Fanta,2023,8,7834,17867.01,13294.76
Sucursal Este,Fanta,2023,9,14187,22113.09,15645.38
Sucursal Este,Fanta,2023,10,5474,13681.86,10161.78
Sucursal Este,Fanta,2023,11,5504,9438.16,5867.38
Sucursal Este,Fanta,2023,12,13306,28248.24,21234.36
Sucursal Este,Schweppes,2018,1,14742,38606.99,29553.45
Sucursal Este,Schweppes,2018,2,9437,29881.23,18456.15
Sucursal Este,Schweppes,2018,3,7104,15382.1,9378.97
Sucursal Este,Schweppes,2018,4,5681,16628.82,11506.37
Sucursal Este,Schweppes,2018,5,12461,27408.02,19747.08
Sucursal Este,Schweppes,2018,6,14842,25351.67,17375.22
Sucursal Este,Schweppes,2018,7,13976,29458.22,22079.57
Sucursal Este,Schweppes,2018,8,10772,22508.94,16391.07
Sucursal Este,Schweppes,2018,9,9192,17988.0,11449.1
Sucursal Este,Schweppes,2018,10,10292,26632.2,19608.25
Sucursal Este,Schweppes,2018,11,11814,39576.46,25728.67
Sucursal Este,Schweppes,2018,12,14818,34813.39,22854.68
Sucursal Este,Schweppes,2019,1,9702,21641.32,17207.2
Sucursal Este,Schweppes,2019,2,9797,19639.55,15001.94
Sucursal Este,Schweppes,2019,3,12370,21706.3,16635.53
Sucursal Este,Schweppes,2019,4,12030,38086.94,27008.54
Sucursal Este,Schweppes,2019,5,10651,33210.32,25019.3
Sucursal Este,Schweppes,2019,6,10485,31044.79,22398.28
Sucursal Este,Schweppes,2019,7,11721,39221.52,26746.02
Sucursal Este,Schweppes,2019,8,8837,13510.88,9801.24
Sucursal Este,Schweppes,2019,9,6667,10685.65,7528.76
Sucursal Este,Schweppes,2019,10,11341,27754.33,19917.18
Sucursal Este,Schweppes,2019,11,9540,19949.92,14266.32
Sucursal Este,Schweppes,2019,12,6243,12281.05,7473.38
Sucursal Este,Schweppes,2020,1,11475,36108.01,22872.74
Sucursal Este,Schweppes,2020,2,14930,25389.51,18561.57
Sucursal Este,Schweppes,2020,3,8307,14035.54,9555.92
Sucursal Este,Schweppes,2020,4,9645,26987.98,21305.26
Sucursal Este,Schweppes,2020,5,12158,36334.09,24382.47
Sucursal Este,Schweppes,2020,6,11146,23763.64,16237.35
Sucursal Este,Schweppes,2020,7,8476,13308.06,8624.86
Sucursal Este,Schweppes,2020,8,5424,8623.79,6599.29
Sucursal Este,Schweppes,2020,9,9923,16480.61,10382.86
Sucursal Este,Schweppes,2020,10,14373,26500.73,19591.21
Sucursal Este,Schweppes,2020,11,11413,33976.23,21083.48
Sucursal Este,Schweppes,2020,12,8755,23685.04,17614.45
Sucursal Este,Schweppes,2021,1,9820,22819.33,16736.56
Sucursal Este,Schweppes,2021,2,8450,14858.21,9844.71
Sucursal Este,Schweppes,2021,3,11238,23821.79,15040.95
Sucursal Este,Schweppes,2021,4,8155,23854.34,17931.62
Sucursal Este,Schweppes,2021,5,10340,20345.86,12237.58
Sucursal Este,Schweppes,2021,6,5619,9993.14,6351.24
Sucursal Este,Schweppes,2021,7,14607,24822.6,16588.85
Sucursal Este,Schweppes,2021,8,13777,22587.23,15804.37
Sucursal Este,Schweppes,2021,9,8443,20327.8,13419.43
Sucursal Este,Schweppes,2021,10,5649,17878.74,12541.7
Sucursal Este,Schweppes,2021,11,9930,29892.54,21175.57
Sucursal Este,Schweppes,2021,12,12775,27561.93,16671.08
Sucursal Este,Schweppes,2022,1,12749,35132.21,22457.75
Sucursal Este,Schweppes,2022,2,10436,29774.82,17964.73
Sucursal Este,Schweppes,2022,3,6754,10638.65,7629.07
Sucursal Este,Schweppes,2022,4,5380,13431.15,9468.33
Sucursal Este,Schweppes,2022,5,11361,19101.79,15148.1
Sucursal Este,Schweppes,2022,6,7477,23452.63,18158.11
Sucursal Este,Schweppes,2022,7,5793,17537.03,12685.38
Sucursal Este,Schweppes,2022,8,10756,27419.38,21604.99
Sucursal Este,Schweppes,2022,9,8912,13541.0,10301.02
Sucursal Este,Schweppes,2022,10,10627,29928.36,19202.28
Sucursal Este,Schweppes,2022,11,14247,21675.14,15573.3
Sucursal Este,Schweppes,2022,12,8651,21976.76,17437.36
Sucursal Este,Schweppes,2023,1,11858,24328.63,15954.54
Sucursal Este,Schweppes,2023,2,7703,20616.07,14926.05
Sucursal Este,Schweppes,2023,3,6302,14423.75,9943.76
Sucursal Este,Schweppes,2023,4,14733,27385.47,16886.42
Sucursal Este,Schweppes,2023,5,6654,18152.39,13017.91
Sucursal Este,Schweppes,2023,6,5042,11156.62,7545.96
Sucursal Este,Schweppes,2023,7,12228,22895.97,14232.56
Sucursal Este,Schweppes,2023,8,11566,34100.1,23222.09
Sucursal Este,Schweppes,2023,9,5452,10377.44,6679.53
Sucursal Este,Schweppes,2023,10,8893,28421.82,20287.34
Sucursal Este,Schweppes,2023,11,5152,8357.53,5056.74
Sucursal Este,Schweppes,2023,12,8328,16655.72,12595.11
Sucursal Oeste,Coca Cola,2018,1,12110,28273.53,17458.77
Sucursal Oeste,Coca Cola,2018,2,5507,8344.41,6105.46
Sucursal Oeste,Coca Cola,2018,3,7537,14687.17,11612.12
Sucursal Oeste,Coca Cola,2018,4,8853,30621.09,21934.93
Sucursal Oeste,Coca Cola,2018,5,7594,19344.52,14905.07
Sucursal Oeste,Coca Cola,2018,6,7488,20530.62,13328.19
Sucursal Oeste,Coca Cola,2018,7,12852,21508.44,14280.46
Sucursal Oeste,Coca Cola,2018,8,6342,10167.74,6657.42
Sucursal Oeste,Coca Cola,2018,9,13218,40087.75,24978.47
Sucursal Oeste,Coca Cola,2018,10,8850,25019.5,18120.73
Sucursal Oeste,Coca Cola,2018,11,14830,33460.08,26269.68
Sucursal Oeste,Coca Cola,2018,12,10005,16697.64,12849.1
Sucursal Oeste,Coca Cola,2019,1,8725,30398.13,23854.43
Sucursal Oeste,Coca Cola,2019,2,8132,15144.12,10146.67
Sucursal Oeste,Coca Cola,2019,3,12919,21452.58,15526.09
Sucursal Oeste,Coca Cola,2019,4,7311,24945.89,17976.57
Sucursal Oeste,Coca Cola,2019,5,8274,21270.5,15147.86
Sucursal Oeste,Coca Cola,2019,6,14109,49067.02,31936.71
Sucursal Oeste,Coca Cola,2019,7,8593,24436.4,15030.2
Sucursal Oeste,Coca Cola,2019,8,7683,24488.76,18786.7
Sucursal Oeste,Coca Cola,2019,9,5889,18769.77,13297.53
Sucursal Oeste,Coca Cola,2019,10,8262,26702.34,17303.61
Sucursal Oeste,Coca Cola,2019,11,14581,34840.64,25103.18
Sucursal Oeste,Coca Cola,2019,12,8497,16573.1,11849.54
Sucursal Oeste,Coca Cola,2020,1,12107,21177.8,13971.56
Sucursal Oeste,Coca Cola,2020,2,13429,22908.75,17187.18
Sucursal Oeste,Coca Cola,2020,3,10111,19657.21,12296.88
Sucursal Oeste,Coca Cola,2020,4,6351,17714.37,11569.37
Sucursal Oeste,Coca Cola,2020,5,6076,21113.99,13990.43
Sucursal Oeste,Coca Cola,2020,6,5349,13496.4,9128.76
Sucursal Oeste,Coca Cola,2020,7,11010,30129.16,20517.74
Sucursal Oeste,Coca Cola,2020,8,11568,40190.42,29710.32
Sucursal Oeste,Coca Cola,2020,9,10389,29086.08,18251.71
Sucursal Oeste,Coca Cola,2020,10,7008,17765.81,14064.89
Sucursal Oeste,Coca Cola,2020,11,11427,24689.53,16126.68
Sucursal Oeste,Coca Cola,2020,12,8101,27649.16,18183.73
Sucursal Oeste,Coca Cola,2021,1,13424,25111.6,17901.1
Sucursal Oeste,Coca Cola,2021,2,14259,46486.19,29033.24
Sucursal Oeste,Coca Cola,2021,3,8924,19091.3,11976.62
Sucursal Oeste,Coca Cola,2021,4,8891,26182.23,19724.65
Sucursal Oeste,Coca Cola,2021,5,14336,38317.32,28610.23
Sucursal Oeste,Coca Cola,2021,6,7442,16793.68,12947.55
Sucursal Oeste,Coca Cola,2021,7,14623,43356.29,28192.73
Sucursal Oeste,Coca Cola,2021,8,11849,23593.46,18439.31
Sucursal Oeste,Coca Cola,2021,9,7327,18524.52,13860.42
Sucursal Oeste,Coca Cola,2021,10,10864,20834.27,16269.59
Sucursal Oeste,Coca Cola,2021,11,13031,40237.18,26726.64
Sucursal Oeste,Coca Cola,2021,12,9239,15783.3,9490.32
Sucursal Oeste,Coca Cola,2022,1,5287,13754.12,9741.34
Sucursal Oeste,Coca Cola,2022,2,13646,39227.19,29546.74
Sucursal Oeste,Coca Cola,2022,3,13718,26555.77,16039.04
Sucursal Oeste,Coca Cola,2022,4,11416,29599.24,19749.68
Sucursal Oeste,Coca Cola,2022,5,12602,29006.92,22742.86
Sucursal Oeste,Coca Cola,2022,6,10853,23359.46,18552.74
Sucursal Oeste,Coca Cola,2022,7,14817,42835.24,29334.47
Sucursal Oeste,Coca Cola,2022,8,10332,25453.34,18019.09
Sucursal Oeste,Coca Cola,2022,9,6956,21377.99,16383.04
Sucursal Oeste,Coca Cola,2022,10,13354,45865.01,34300.68
Sucursal Oeste,Coca Cola,2022,11,8532,21374.23,15449.78
Sucursal Oeste,Coca Cola,2022,12,13585,23566.09,15140.54
Sucursal Oeste,Coca Cola,2023,1,14494,44980.85,29272.3
Sucursal Oeste,Coca Cola,2023,2,11373,35355.17,22039.2
Sucursal Oeste,Coca Cola,2023,3,11121,31636.45,24457.25
Sucursal Oeste,Coca Cola,2023,4,8541,16664.92,10912.45
Sucursal Oeste,Coca Cola,2023,5,14163,28032.56,18985.04
Sucursal Oeste,Coca Cola,2023,6,12820,27742.56,17822.07
Sucursal Oeste,Coca Cola,2023,7,14482,47892.66,31518.63
Sucursal Oeste,Coca Cola,2023,8,9864,30835.25,18794.18
Sucursal Oeste,Coca Cola,2023,9,9133,27185.98,18389.28
Sucursal Oeste,Coca Cola,2023,10,11192,29682.08,21643.24
Sucursal Oeste,Coca Cola,2023,11,8324,16022.28,10311.13
Sucursal Oeste,Coca Cola,2023,12,10045,20760.59,13293.74
Sucursal Oeste,Coca Cola Light,2018,1,9460,15163.43,9813.7
Sucursal Oeste,Coca Cola Light,2018,2,5152,17254.15,13789.92
Sucursal Oeste,Coca Cola Light,2018,3,14961,46330.49,28005.47
Sucursal Oeste,Coca Cola Light,2018,4,11859,29684.22,22553.51
Sucursal Oeste,Coca Cola Light,2018,5,13341,21735.94,15162.44
Sucursal Oeste,Coca Cola Light,2018,6,9424,27389.85,20565.34
Sucursal Oeste,Coca Cola Light,2018,7,14151,42694.63,33309.86
Sucursal Oeste,Coca Cola Light,2018,8,11598,27529.85,20903.24
Sucursal Oeste,Coca Cola Light,2018,9,6602,21448.4,15650.56
Sucursal Oeste,Coca Cola Light,2018,10,10950,19194.58,13669.8
Sucursal Oeste,Coca Cola Light,2018,11,9283,16092.77,11088.74
Sucursal Oeste,Coca Cola Light,2018,12,6483,21245.54,13446.2
Sucursal Oeste,Coca Cola Light,2019,1,7098,14307.08,10645.96
Sucursal Oeste,Coca Cola Light,2019,2,6471,19784.79,13095.41
Sucursal Oeste,Coca Cola Light,2019,3,9460,26952.38,20874.78
Sucursal Oeste,Coca Cola Light,2019,4,13542,28874.28,17858.03
Sucursal Oeste,Coca Cola Light,2019,5,13127,25294.42,18844.39
Sucursal Oeste,Coca Cola Light,2019,6,10337,18142.33,12366.6
Sucursal Oeste,Coca Cola Light,2019,7,10687,22569.53,17461.77
Sucursal Oeste,Coca Cola Light,2019,8,11071,17746.92,14178.05
Sucursal Oeste,Coca Cola Light,2019,9,11546,25744.74,17781.86
Sucursal Oeste,Coca Cola Light,2019,10,12050,36569.97,22619.48
Sucursal Oeste,Coca Cola Light,2019,11,7469,11988.16,7500.34
Sucursal Oeste,Coca Cola Light,2019,12,5406,18010.46,13195.33
Sucursal Oeste,Coca Cola Light,2020,1,10176,24430.34,19327.41
Sucursal Oeste,Coca Cola Light,2020,2,13910,41517.11,32210.15
Sucursal Oeste,Coca Cola Light,2020,3,9966,15990.59,11698.15
Sucursal Oeste,Coca Cola Light,2020,4,7212,22969.46,14030.29
Sucursal Oeste,Coca Cola Light,2020,5,8396,13316.81,8455.15
Sucursal Oeste,Coca Cola Light,2020,6,9714,27169.61,20944.55
Sucursal Oeste,Coca Cola Light,2020,7,12383,26084.41,16370.07
Sucursal Oeste,Coca Cola Light,2020,8,11683,30020.33,18205.42
Sucursal Oeste,Coca Cola Light,2020,9,8172,18582.08,13848.81
Sucursal Oeste,Coca Cola Light,2020,10,7337,21088.9,15543.96
Sucursal Oeste,Coca Cola Light,2020,11,12512,27935.77,17503.01
Sucursal Oeste,Coca Cola Light,2020,12,14855,45491.21,34644.96
Sucursal Oeste,Coca Cola Light,2021,1,8394,21149.85,14769.05
Sucursal Oeste,Coca Cola Light,2021,2,11440,32341.94,25483.21
Sucursal Oeste,Coca Cola Light,2021,3,9869,18429.75,12504.15
Sucursal Oeste,Coca Cola Light,2021,4,11326,20879.28,14258.48
Sucursal Oeste,Coca Cola Light,2021,5,12051,25290.84,19985.32
Sucursal Oeste,Coca Cola Light,2021,6,14448,26204.84,18911.45
Sucursal Oeste,Coca Cola Light,2021,7,13427,35090.28,25460.21
Sucursal Oeste,Coca Cola Light,2021,8,7072,13971.59,9018.75
Sucursal Oeste,Coca Cola Light,2021,9,10258,25751.22,20089.6
Sucursal Oeste,Coca Cola Light,2021,10,14829,41755.75,30203.12
Sucursal Oeste,Coca Cola Light,2021,11,6976,24171.66,14701.26
Sucursal Oeste,Coca Cola Light,2021,12,8586,23163.57,14714.85
Sucursal Oeste,Coca Cola Light,2022,1,9236,20674.47,14835.04
Sucursal Oeste,Coca Cola Light,2022,2,14282,45303.48,34289.27
Sucursal Oeste,Coca Cola Light,2022,3,10204,26601.77,17253.15
Sucursal Oeste,Coca Cola Light,2022,4,8652,13179.93,10130.64
Sucursal Oeste,Coca Cola Light,2022,5,12220,23682.04,17804.15
Sucursal Oeste,Coca Cola Light,2022,6,9575,17878.72,13483.55
Sucursal Oeste,Coca Cola Light,2022,7,7320,12935.9,8792.3
Sucursal Oeste,Coca Cola Light,2022,8,9843,23385.22,14622.35
Sucursal Oeste,Coca Cola Light,2022,9,7236,22174.96,13572.19
Sucursal Oeste,Coca Cola Light,2022,10,9811,29294.89,18179.49
Sucursal Oeste,Coca Cola Light,2022,11,13359,38545.64,23354.76
Sucursal Oeste,Coca Cola Light,2022,12,5414,18875.37,13758.66
Sucursal Oeste,Coca Cola Light,2023,1,13073,22049.51,16132.26
Sucursal Oeste,Coca Cola Light,2023,2,8360,27180.68,17468.82
Sucursal Oeste,Coca Cola Light,2023,3,10162,28714.82,19091.31
Sucursal Oeste,Coca Cola Light,2023,4,7030,20823.92,13172.29
Sucursal Oeste,Coca Cola Light,2023,5,5570,13812.79,10960.5
Sucursal Oeste,Coca Cola Light,2023,6,6074,11401.15,8832.22
Sucursal Oeste,Coca Cola Light,2023,7,7332,19723.39,14899.67
Sucursal Oeste,Coca Cola Light,2023,8,8708,25668.22,20369.65
Sucursal Oeste,Coca Cola Light,2023,9,14000,36276.39,28451.94
Sucursal Oeste,Coca Cola Light,2023,10,9443,18218.21,12167.57
Sucursal Oeste,Coca Cola Light,2023,11,6798,21430.31,13779.74
Sucursal Oeste,Coca Cola Light,2023,12,12747,26136.47,20137.88
Sucursal Oeste,Coca Cola Zero,2018,1,8036,19670.15,12185.56
Sucursal Oeste,Coca Cola Zero,2018,2,10585,29684.17,22169.93
Sucursal Oeste,Coca Cola Zero,2018,3,6719,23044.18,15599.32
Sucursal Oeste,Coca Cola Zero,2018,4,8462,27546.76,20856.35
Sucursal Oeste,Coca Cola Zero,2018,5,6166,10656.97,7864.45
Sucursal Oeste,Coca Cola Zero,2018,6,7993,21631.86,13685.23
Sucursal Oeste,Coca Cola Zero,2018,7,9501,18947.85,13743.74
Sucursal Oeste,Coca Cola Zero,2018,8,5959,12333.18,8166.72
Sucursal Oeste,Coca Cola Zero,2018,9,10899,36336.2,24611.17
Sucursal Oeste,Coca Cola Zero,2018,10,8261,18475.55,11353.95
Sucursal Oeste,Coca Cola Zero,2018,11,12790,19581.1,12078.51
Sucursal Oeste,Coca Cola Zero,2018,12,9270,28233.77,21809.55
Sucursal Oeste,Coca Cola Zero,2019,1,12158,23029.69,16078.51
Sucursal Oeste,Coca Cola Zero,2019,2,12793,37595.49,26664.85
Sucursal Oeste,Coca Cola Zero,2019,3,9435,30630.94,20613.38
Sucursal Oeste,Coca Cola Zero,2019,4,5039,9367.11,5716.25
Sucursal Oeste,Coca Cola Zero,2019,5,7198,18334.88,12082.11
Sucursal Oeste,Coca Cola Zero,2019,6,9526,18108.84,14044.62
Sucursal Oeste,Coca Cola Zero,2019,7,14271,36047.98,27433.92
Sucursal Oeste,Coca Cola Zero,2019,8,12201,21165.12,13440.92
Sucursal Oeste,Coca Cola Zero,2019,9,9187,19024.54,14153.94
Sucursal Oeste,Coca Cola Zero,2019,10,9884,29615.83,21369.78
Sucursal Oeste,Coca Cola Zero,2019,11,13118,41451.21,26186.94
Sucursal Oeste,Coca Cola Zero,2019,12,13897,37216.36,29382.54
Sucursal Oeste,Coca Cola Zero,2020,1,11151,35611.48,24048.24
Sucursal Oeste,Coca Cola Zero,2020,2,11845,38023.16,29968.35
Sucursal Oeste,Coca Cola Zero,2020,3,6114,10671.98,6884.66
Sucursal Oeste,Coca Cola Zero,2020,4,6859,20984.66,13670.81
Sucursal Oeste,Coca Cola Zero,2020,5,12108,34869.09,20947.98
Sucursal Oeste,Coca Cola Zero,2020,6,12693,34966.78,25992.6
Sucursal Oeste,Coca Cola Zero,2020,7,8197,17126.83,12038.3
Sucursal Oeste,Coca Cola Zero,2020,8,7764,26648.9,18437.9
Sucursal Oeste,Coca Cola Zero,2020,9,11562,30587.0,22036.54
Sucursal Oeste,Coca Cola Zero,2020,10,10743,22128.17,15840.03
Sucursal Oeste,Coca Cola Zero,2020,11,14936,33144.16,22274.0
Sucursal Oeste,Coca Cola Zero,2020,12,5650,9098.93,5903.58
Sucursal Oeste,Coca Cola Zero,2021,1,12084,40630.73,30673.49
Sucursal Oeste,Coca Cola Zero,2021,2,11997,23627.64,18316.13
Sucursal Oeste,Coca Cola Zero,2021,3,5823,19847.43,13116.89
Sucursal Oeste,Coca Cola Zero,2021,4,12527,20211.74,14856.37
Sucursal Oeste,Coca Cola Zero,2021,5,5182,11788.98,7388.68
Sucursal Oeste,Coca Cola Zero,2021,6,7141,13001.45,9065.31
Sucursal Oeste,Coca Cola Zero,2021,7,12702,32534.46,20984.24
Sucursal Oeste,Coca Cola Zero,2021,8,5502,14010.51,8901.17
Sucursal Oeste,Coca Cola Zero,2021,9,5182,18103.73,12276.81
Sucursal Oeste,Coca Cola Zero,2021,10,9420,14383.29,11068.23
Sucursal Oeste,Coca Cola Zero,2021,11,10463,27671.04,21972.47
Sucursal Oeste,Coca Cola Zero,2021,12,11495,22327.42,16401.13
Sucursal Oeste,Coca Cola Zero,2022,1,8818,16609.02,11443.43
Sucursal Oeste,Coca Cola Zero,2022,2,12343,23670.78,18019.05
Sucursal Oeste,Coca Cola Zero,2022,3,14703,48480.77,31942.98
Sucursal Oeste,Coca Cola Zero,2022,4,13490,27119.42,18290.07
Sucursal Oeste,Coca Cola Zero,2022,5,11167,18051.78,13498.67
Sucursal Oeste,Coca Cola Zero,2022,6,6979,23761.84,16516.0
Sucursal Oeste,Coca Cola Zero,2022,7,11723,22110.84,17513.0
Sucursal Oeste,Coca Cola Zero,2022,8,9722,19169.15,11795.68
Sucursal Oeste,Coca Cola Zero,2022,9,7713,16417.09,12608.15
Sucursal Oeste,Coca Cola Zero,2022,10,5230,16476.47,10253.68
Sucursal Oeste,Coca Cola Zero,2022,11,14616,24654.84,19439.53
Sucursal Oeste,Coca Cola Zero,2022,12,10586,17761.8,10835.49
Sucursal Oeste,Coca Cola Zero,2023,1,14329,48686.04,37314.26
Sucursal Oeste,Coca Cola Zero,2023,2,8216,14944.97,11616.97
Sucursal Oeste,Coca Cola Zero,2023,3,14743,43682.88,27094.02
Sucursal Oeste,Coca Cola Zero,2023,4,5003,17485.29,13287.66
Sucursal Oeste,Coca Cola Zero,2023,5,14930,37315.06,24485.51
Sucursal Oeste,Coca Cola Zero,2023,6,12233,41993.85,30142.37
Sucursal Oeste,Coca Cola Zero,2023,7,10128,17957.04,14202.47
Sucursal Oeste,Coca Cola Zero,2023,8,13847,43770.9,28554.12
Sucursal Oeste,Coca Cola Zero,2023,9,10390,28531.97,21209.59
Sucursal Oeste,Coca Cola Zero,2023,10,14290,39797.72,27113.65
Sucursal Oeste,Coca Cola Zero,2023,11,8758,14928.72,11680.51
Sucursal Oeste,Coca Cola Zero,2023,12,12082,38360.01,24389.55
Sucursal Oeste,Sprite,2018,1,11199,27923.69,19975.85
Sucursal Oeste,Sprite,2018,2,13905,45806.3,35599.74
Sucursal Oeste,Sprite,2018,3,11905,38217.08,26313.19
Sucursal Oeste,Sprite,2018,4,9938,21792.53,14174.15
Sucursal Oeste,Sprite,2018,5,6802,22186.8,14483.23
Sucursal Oeste,Sprite,2018,6,6004,11266.74,6937.11
Sucursal Oeste,Sprite,2018,7,6397,22375.42,15547.28
Sucursal Oeste,Sprite,2018,8,14490,44615.99,32572.48
Sucursal Oeste,Sprite,2018,9,13629,34371.03,26946.85
Sucursal Oeste,Sprite,2018,10,14738,36232.87,26447.26
Sucursal Oeste,Sprite,2018,11,13255,20157.69,13630.69
Sucursal Oeste,Sprite,2018,12,8805,27310.92,19583.84
Sucursal Oeste,Sprite,2019,1,5317,16908.16,12589.55
Sucursal Oeste,Sprite,2019,2,7190,20151.52,13375.74
Sucursal Oeste,Sprite,2019,3,11631,30123.65,19015.97
Sucursal Oeste,Sprite,2019,4,6845,14663.75,10485.79
Sucursal Oeste,Sprite,2019,5,13844,35585.24,27251.54
Sucursal Oeste,Sprite,2019,6,14196,43582.79,30267.47
Sucursal Oeste,Sprite,2019,7,11011,21092.31,15902.2
Sucursal Oeste,Sprite,2019,8,12657,40479.95,25056.73
Sucursal Oeste,Sprite,2019,9,5270,8906.91,6910.84
Sucursal Oeste,Sprite,2019,10,7320,23348.93,15023.24
Sucursal Oeste,Sprite,2019,11,14466,31651.59,19113.73
Sucursal Oeste,Sprite,2019,12,11846,22460.25,15544.77
Sucursal Oeste,Sprite,2020,1,6891,19516.3,11750.7
Sucursal Oeste,Sprite,2020,2,5190,16462.65,10045.02
Sucursal Oeste,Sprite,2020,3,12009,40626.39,26101.02
Sucursal Oeste,Sprite,2020,4,14281,34213.31,25946.88
Sucursal Oeste,Sprite,2020,5,7814,13038.28,8239.18
Sucursal Oeste,Sprite,2020,6,9328,16103.86,11624.89
Sucursal Oeste,Sprite,2020,7,7534,13524.95,10090.71
Sucursal Oeste,Sprite,2020,8,13809,41560.54,30634.02
Sucursal Oeste,Sprite,2020,9,9772,29815.85,23315.79
Sucursal Oeste,Sprite,2020,10,9264,18073.68,14315.52
Sucursal Oeste,Sprite,2020,11,6255,9825.02,7151.16
Sucursal Oeste,Sprite,2020,12,9365,14576.37,10455.18
Sucursal Oeste,Sprite,2021,1,12421,25545.6,15751.79
Sucursal Oeste,Sprite,2021,2,10369,30014.7,18990.33
Sucursal Oeste,Sprite,2021,3,7318,25392.01,19254.57
Sucursal Oeste,Sprite,2021,4,7397,23801.36,15310.19
Sucursal Oeste,Sprite,2021,5,5735,16371.06,10943.36
Sucursal Oeste,Sprite,2021,6,6027,9191.59,6840.72
Sucursal Oeste,Sprite,2021,7,7896,24454.88,16184.28
Sucursal Oeste,Sprite,2021,8,11166,20209.88,12853.74
Sucursal Oeste,Sprite,2021,9,8246,23919.77,14444.04
Sucursal Oeste,Sprite,2021,10,14160,38900.52,25384.62
Sucursal Oeste,Sprite,2021,11,12139,38620.56,30526.81
Sucursal Oeste,Sprite,2021,12,9170,23854.04,18813.06
Sucursal Oeste,Sprite,2022,1,6647,11086.43,8210.28
Sucursal Oeste,Sprite,2022,2,12306,20718.18,13319.6
Sucursal Oeste,Sprite,2022,3,5798,11159.97,8369.03
Sucursal Oeste,Sprite,2022,4,9148,23004.83,18183.8
Sucursal Oeste,Sprite,2022,5,8199,19726.01,14594.06
Sucursal Oeste,Sprite,2022,6,14464,46375.74,31055.72
Sucursal Oeste,Sprite,2022,7,11009,31150.31,21179.81
Sucursal Oeste,Sprite,2022,8,9951,31895.61,23984.93
Sucursal Oeste,Sprite,2022,9,10891,28178.32,19417.16
Sucursal Oeste,Sprite,2022,10,8244,27340.41,19273.69
Sucursal Oeste,Sprite,2022,11,6302,20738.66,16188.39
Sucursal Oeste,Sprite,2022,12,11175,34072.72,23334.3
Sucursal Oeste,Sprite,2023,1,12150,31250.02,21079.51
Sucursal Oeste,Sprite,2023,2,6486,11592.75,8852.41
Sucursal Oeste,Sprite,2023,3,9124,20963.78,15751.67
Sucursal Oeste,Sprite,2023,4,14815,48242.17,31797.6
Sucursal Oeste,Sprite,2023,5,11220,22262.71,14158.5
Sucursal Oeste,Sprite,2023,6,9864,19417.32,13234.37
Sucursal Oeste,Sprite,2023,7,11676,25358.48,18395.54
Sucursal Oeste,Sprite,2023,8,9543,29332.76,22082.81
Sucursal Oeste,Sprite,2023,9,12162,35861.88,25703.12
Sucursal Oeste,Sprite,2023,10,11081,37362.33,23692.48
Sucursal Oeste,Sprite,2023,11,6783,22897.81,17068.24
Sucursal Oeste,Sprite,2023,12,7573,21133.2,15265.29
Sucursal Oeste,Fanta,2018,1,13835,47659.36,30532.15
Sucursal Oeste,Fanta,2018,2,13297,28532.52,22298.47
Sucursal Oeste,Fanta,2018,3,12052,34741.31,24242.64
Sucursal Oeste,Fanta,2018,4,10629,36125.73,21707.56
Sucursal Oeste,Fanta,2018,5,11796,23762.8,14297.49
Sucursal Oeste,Fanta,2018,6,14309,25123.25,17295.4
Sucursal Oeste,Fanta,2018,7,7381,22874.08,18219.19
Sucursal Oeste,Fanta,2018,8,13915,46738.34,35094.16
Sucursal Oeste,Fanta,2018,9,6036,16607.22,11741.27
Sucursal Oeste,Fanta,2018,10,6489,21002.46,15004.19
Sucursal Oeste,Fanta,2018,11,11796,24069.86,19149.14
Sucursal Oeste,Fanta,2018,12,13010,24427.7,15213.03
Sucursal Oeste,Fanta,2019,1,6186,12639.58,9462.34
Sucursal Oeste,Fanta,2019,2,9967,32051.6,24461.42
Sucursal Oeste,Fanta,2019,3,7041,21356.72,13272.26
Sucursal Oeste,Fanta,2019,4,6360,9832.64,7106.0
Sucursal Oeste,Fanta,2019,5,6262,20698.71,12581.81
Sucursal Oeste,Fanta,2019,6,6198,16213.7,10319.62
Sucursal Oeste,Fanta,2019,7,13200,45505.36,34293.65
Sucursal Oeste,Fanta,2019,8,6422,19102.11,14236.49
Sucursal Oeste,Fanta,2019,9,14229,48399.74,34708.56
Sucursal Oeste,Fanta,2019,10,9546,15818.5,10412.07
Sucursal Oeste,Fanta,2019,11,14224,27282.29,16717.87
Sucursal Oeste,Fanta,2019,12,11151,32360.14,25543.22
Sucursal Oeste,Fanta,2020,1,11465,17965.44,12379.79
Sucursal Oeste,Fanta,2020,2,5258,17525.21,10733.82
Sucursal Oeste,Fanta,2020,3,8665,17949.12,13576.0
Sucursal Oeste,Fanta,2020,4,10135,25706.53,15652.39
Sucursal Oeste,Fanta,2020,5,10180,16177.64,10891.11
Sucursal Oeste,Fanta,2020,6,8125,13540.24,9030.13
Sucursal Oeste,Fanta,2020,7,12768,23491.88,18337.3
Sucursal Oeste,Fanta,2020,8,9503,18596.12,14794.74
Sucursal Oeste,Fanta,2020,9,11841,21424.38,16255.64
Sucursal Oeste,Fanta,2020,10,14814,26386.15,19750.27
Sucursal Oeste,Fanta,2020,11,6616,17349.94,11897.6
Sucursal Oeste,Fanta,2020,12,7379,21893.19,17226.2
Sucursal Oeste,Fanta,2021,1,5481,18644.08,13519.95
Sucursal Oeste,Fanta,2021,2,5405,8142.06,5095.88
Sucursal Oeste,Fanta,2021,3,12049,20523.61,13603.06
Sucursal Oeste,Fanta,2021,4,12138,23258.35,14655.99
Sucursal Oeste,Fanta,2021,5,9508,22275.07,14325.07
Sucursal Oeste,Fanta,2021,6,14178,36752.68,26499.08
Sucursal Oeste,Fanta,2021,7,14763,38920.33,26067.97
Sucursal Oeste,Fanta,2021,8,5127,8781.77,6401.92
Sucursal Oeste,Fanta,2021,9,10764,24009.01,17284.64
Sucursal Oeste,Fanta,2021,10,9132,19820.8,12146.54
Sucursal Oeste,Fanta,2021,11,5087,12592.02,8342.52
Sucursal Oeste,Fanta,2021,12,13394,35617.53,22709.92
Sucursal Oeste,Fanta,2022,1,6633,17231.39,13154.13
Sucursal Oeste,Fanta,2022,2,9903,23337.03,14990.42
Sucursal Oeste,Fanta,2022,3,12184,21629.57,13312.75
Sucursal Oeste,Fanta,2022,4,11150,27371.69,21182.37
Sucursal Oeste,Fanta,2022,5,6866,14631.25,9625.74
Sucursal Oeste,Fanta,2022,6,5009,16648.93,10225.45
Sucursal Oeste,Fanta,2022,7,9158,20387.78,16200.72
Sucursal Oeste,Fanta,2022,8,11708,21122.54,14254.1
Sucursal Oeste,Fanta,2022,9,13769,25265.27,16014.2
Sucursal Oeste,Fanta,2022,10,5505,16939.67,10727.02
Sucursal Oeste,Fanta,2022,11,6615,21722.27,15018.06
Sucursal Oeste,Fanta,2022,12,10366,31873.62,24787.42
Sucursal Oeste,Fanta,2023,1,11390,24133.76,17383.74
Sucursal Oeste,Fanta,2023,2,13826,41387.63,32897.33
Sucursal Oeste,Fanta,2023,3,10764,34762.66,25601.17
Sucursal Oeste,Fanta,2023,4,12375,31735.06,23460.81
Sucursal Oeste,Fanta,2023,5,8565,23702.0,16866.11
Sucursal Oeste,Fanta,2023,6,7841,22678.17,15264.66
Sucursal Oeste,Fanta,2023,7,6167,15234.76,10112.52
Sucursal Oeste,Fanta,2023,8,13035,41328.05,25444.55
Sucursal Oeste,Fanta,2023,9,9411,15172.78,10947.92
Sucursal Oeste,Fanta,2023,10,12516,21783.64,15191.86
Sucursal Oeste,Fanta,2023,11,11432,26048.59,18736.21
Sucursal Oeste,Fanta,2023,12,5281,10711.17,7051.68
Sucursal Oeste,Schweppes,2018,1,11421,21600.37,15983.9
Sucursal Oeste,Schweppes,2018,2,11962,25125.89,15171.75
Sucursal Oeste,Schweppes,2018,3,9897,27444.92,20820.21
Sucursal Oeste,Schweppes,2018,4,5621,9455.42,6417.27
Sucursal Oeste,Schweppes,2018,5,13410,34550.1,23027.17
Sucursal Oeste,Schweppes,2018,6,9678,26770.63,18060.87
Sucursal Oeste,Schweppes,2018,7,13423,42836.18,26659.68
Sucursal Oeste,Schweppes,2018,8,13047,35026.68,25085.11
Sucursal Oeste,Schweppes,2018,9,7037,14292.28,9448.82
Sucursal Oeste,Schweppes,2018,10,8878,25911.94,20729.34
Sucursal Oeste,Schweppes,2018,11,11575,27663.61,18255.45
Sucursal Oeste,Schweppes,2018,12,9450,20266.0,15198.05
Sucursal Oeste,Schweppes,2019,1,14197,40061.2,31162.08
Sucursal Oeste,Schweppes,2019,2,6250,15498.95,9817.12
Sucursal Oeste,Schweppes,2019,3,14140,33248.4,24756.76
Sucursal Oeste,Schweppes,2019,4,12334,34542.81,27279.6
Sucursal Oeste,Schweppes,2019,5,11717,19213.93,13401.21
Sucursal Oeste,Schweppes,2019,6,10625,20347.23,15332.7
Sucursal Oeste,Schweppes,2019,7,13279,27196.81,16808.87
Sucursal Oeste,Schweppes,2019,8,6285,17320.15,11528.18
Sucursal Oeste,Schweppes,2019,9,6124,16191.92,12835.59
Sucursal Oeste,Schweppes,2019,10,5227,10454.95,7058.0
Sucursal Oeste,Schweppes,2019,11,14000,47365.39,34251.65
Sucursal Oeste,Schweppes,2019,12,10838,25014.7,15424.92
Sucursal Oeste,Schweppes,2020,1,14519,47501.3,37050.93
Sucursal Oeste,Schweppes,2020,2,12604,24524.73,15134.45
Sucursal Oeste,Schweppes,2020,3,6287,11505.06,7921.77
Sucursal Oeste,Schweppes,2020,4,13207,22697.37,17881.87
Sucursal Oeste,Schweppes,2020,5,9016,19965.69,13272.6
Sucursal Oeste,Schweppes,2020,6,6601,18569.66,11330.02
Sucursal Oeste,Schweppes,2020,7,10906,30802.19,22953.25
Sucursal Oeste,Schweppes,2020,8,8506,21922.42,15067.91
Sucursal Oeste,Schweppes,2020,9,13613,45361.87,34214.46
Sucursal Oeste,Schweppes,2020,10,11748,20546.95,13675.31
Sucursal Oeste,Schweppes,2020,11,11149,18643.92,13330.53
Sucursal Oeste,Schweppes,2020,12,11950,23911.13,17331.26
Sucursal Oeste,Schweppes,2021,1,13603,42446.39,28966.77
Sucursal Oeste,Schweppes,2021,2,10906,20259.19,15560.52
Sucursal Oeste,Schweppes,2021,3,5907,11338.64,8240.85
Sucursal Oeste,Schweppes,2021,4,14406,43327.34,32899.72
Sucursal Oeste,Schweppes,2021,5,7359,15310.37,11395.4
Sucursal Oeste,Schweppes,2021,6,8690,19029.37,13836.22
Sucursal Oeste,Schweppes,2021,7,12293,41263.9,29961.86
Sucursal Oeste,Schweppes,2021,8,5158,13599.58,10508.44
Sucursal Oeste,Schweppes,2021,9,5862,16179.56,12638.74
Sucursal Oeste,Schweppes,2021,10,12390,25448.6,19911.16
Sucursal Oeste,Schweppes,2021,11,11287,21246.16,13871.4
Sucursal Oeste,Schweppes,2021,12,8590,19372.35,15247.25
Sucursal Oeste,Schweppes,2022,1,14555,24531.98,15696.62
Sucursal Oeste,Schweppes,2022,2,13964,48004.47,32847.85
Sucursal Oeste,Schweppes,2022,3,12808,42259.58,28805.67
Sucursal Oeste,Schweppes,2022,4,11744,38449.38,27340.66
Sucursal Oeste,Schweppes,2022,5,5693,17505.67,10993.64
Sucursal Oeste,Schweppes,2022,6,12405,34156.47,21992.75
Sucursal Oeste,Schweppes,2022,7,13092,22341.1,15345.79
Sucursal Oeste,Schweppes,2022,8,11758,31831.67,24521.62
Sucursal Oeste,Schweppes,2022,9,12009,19285.43,15124.47
Sucursal Oeste,Schweppes,2022,10,7960,22881.57,18149.57
Sucursal Oeste,Schweppes,2022,11,12912,34906.56,22415.99
Sucursal Oeste,Schweppes,2022,12,8680,26107.1,19500.41
Sucursal Oeste,Schweppes,2023,1,9973,31576.84,19052.08
Sucursal Oeste,Schweppes,2023,2,11318,31703.04,21174.05
Sucursal Oeste,Schweppes,2023,3,14115,42225.08,29120.67
Sucursal Oeste,Schweppes,2023,4,9796,23309.02,18589.09
Sucursal Oeste,Schweppes,2023,5,11375,38689.41,25801.51
Sucursal Oeste,Schweppes,2023,6,8174,16781.03,11062.44
Sucursal Oeste,Schweppes,2023,7,14248,39215.24,24404.16
Sucursal Oeste,Schweppes,2023,8,14354,23259.98,16550.58
Sucursal Oeste,Schweppes,2023,9,13837,22706.58,17583.77
Sucursal Oeste,Schweppes,2023,10,5866,15399.15,10538.57
Sucursal Oeste,Schweppes,2023,11,13139,29856.82,20215.77
Sucursal Oeste,Schweppes,2023,12,5720,12519.71,8149.63
